2019-02-13 03:52:48.801920,2019-02-13 03:53:08.439104,2019-02-13 03:53:08.827322
2019-02-13 03:52:48.811077,2019-02-13 03:53:08.455784,2019-02-13 03:53:08.917914
2019-02-13 03:52:48.809423,2019-02-13 03:53:08.447198,2019-02-13 03:53:09.008914
2019-02-13 03:52:48.812576,2019-02-13 03:53:08.457752,2019-02-13 03:53:09.009399
2019-02-13 03:52:48.832273,2019-02-13 03:53:08.469475,2019-02-13 03:53:09.009705
2019-02-13 03:52:48.829958,2019-02-13 03:53:08.467236,2019-02-13 03:53:09.111269
2019-02-13 03:52:48.810066,2019-02-13 03:53:08.449174,2019-02-13 03:53:09.112234
2019-02-13 03:52:48.811388,2019-02-13 03:53:08.456311,2019-02-13 03:53:09.113208
2019-02-13 03:52:48.828761,2019-02-13 03:53:08.460423,2019-02-13 03:53:09.113643
2019-02-13 03:52:48.800011,2019-02-13 03:53:08.437044,2019-02-13 03:53:09.114033
2019-02-13 03:52:48.799628,2019-02-13 03:53:08.436662,2019-02-13 03:53:09.316516
2019-02-13 03:52:48.831085,2019-02-13 03:53:08.468272,2019-02-13 03:53:09.410846
2019-02-13 03:52:48.801731,2019-02-13 03:53:08.438894,2019-02-13 03:53:09.411549
2019-02-13 03:52:48.800208,2019-02-13 03:53:08.437248,2019-02-13 03:53:09.412102
2019-02-13 03:52:48.830848,2019-02-13 03:53:08.468093,2019-02-13 03:53:09.412631
2019-02-13 03:52:48.830134,2019-02-13 03:53:08.467486,2019-02-13 03:53:09.413167
2019-02-13 03:52:48.812327,2019-02-13 03:53:08.457527,2019-02-13 03:53:09.413714
2019-02-13 03:52:48.811545,2019-02-13 03:53:08.456544,2019-02-13 03:53:09.414236
2019-02-13 03:52:48.801544,2019-02-13 03:53:08.438686,2019-02-13 03:53:09.417820
2019-02-13 03:52:48.798632,2019-02-13 03:53:08.435741,2019-02-13 03:53:09.520779
2019-02-13 03:52:48.800969,2019-02-13 03:53:08.437961,2019-02-13 03:53:09.521281
2019-02-13 03:52:48.809584,2019-02-13 03:53:08.447836,2019-02-13 03:53:09.521657
2019-02-13 03:52:48.800591,2019-02-13 03:53:08.437632,2019-02-13 03:53:09.521970
2019-02-13 03:52:48.802901,2019-02-13 03:53:08.440157,2019-02-13 03:53:09.522436
2019-02-13 03:52:48.829085,2019-02-13 03:53:08.466079,2019-02-13 03:53:09.522841
2019-02-13 03:52:48.810444,2019-02-13 03:53:08.449897,2019-02-13 03:53:09.523253
2019-02-13 03:52:48.831442,2019-02-13 03:53:08.468668,2019-02-13 03:53:09.602981
2019-02-13 03:52:48.828414,2019-02-13 03:53:08.459894,2019-02-13 03:53:09.603951
2019-02-13 03:52:48.800777,2019-02-13 03:53:08.437797,2019-02-13 03:53:09.604721
2019-02-13 03:52:48.830426,2019-02-13 03:53:08.467714,2019-02-13 03:53:09.605402
2019-02-13 03:52:48.828596,2019-02-13 03:53:08.460187,2019-02-13 03:53:09.606055
2019-02-13 03:52:48.798769,2019-02-13 03:53:08.435871,2019-02-13 03:53:09.606782
2019-02-13 03:52:48.809744,2019-02-13 03:53:08.448222,2019-02-13 03:53:09.607470
2019-02-13 03:52:48.809910,2019-02-13 03:53:08.448697,2019-02-13 03:53:09.622707
2019-02-13 03:52:48.801355,2019-02-13 03:53:08.438461,2019-02-13 03:53:09.623226
2019-02-13 03:52:48.813180,2019-02-13 03:53:08.458804,2019-02-13 03:53:09.701240
2019-02-13 03:52:48.813552,2019-02-13 03:53:08.459381,2019-02-13 03:53:09.701874
2019-02-13 03:52:48.803274,2019-02-13 03:53:08.440581,2019-02-13 03:53:09.702488
2019-02-13 03:52:48.799425,2019-02-13 03:53:08.436473,2019-02-13 03:53:09.703001
2019-02-13 03:52:48.809254,2019-02-13 03:53:08.446901,2019-02-13 03:53:09.703495
2019-02-13 03:52:48.812127,2019-02-13 03:53:08.457213,2019-02-13 03:53:09.703981
2019-02-13 03:52:48.811702,2019-02-13 03:53:08.456733,2019-02-13 03:53:09.704598
2019-02-13 03:52:48.830650,2019-02-13 03:53:08.467900,2019-02-13 03:53:09.725882
2019-02-13 03:52:48.832105,2019-02-13 03:53:08.469265,2019-02-13 03:53:09.726614
2019-02-13 03:52:48.811881,2019-02-13 03:53:08.456934,2019-02-13 03:53:09.727160
2019-02-13 03:52:48.829760,2019-02-13 03:53:08.467015,2019-02-13 03:53:09.820987
2019-02-13 03:52:48.799817,2019-02-13 03:53:08.436851,2019-02-13 03:53:09.821730
2019-02-13 03:52:48.810760,2019-02-13 03:53:08.450514,2019-02-13 03:53:09.822540
2019-02-13 03:52:48.802720,2019-02-13 03:53:08.439947,2019-02-13 03:53:09.823059
2019-02-13 03:52:48.812941,2019-02-13 03:53:08.458496,2019-02-13 03:53:09.823504
2019-02-13 03:52:48.803454,2019-02-13 03:53:08.445499,2019-02-13 03:53:09.823914
2019-02-13 03:52:48.828921,2019-02-13 03:53:08.465864,2019-02-13 03:53:09.824476
2019-02-13 03:52:48.799230,2019-02-13 03:53:08.436288,2019-02-13 03:53:09.827572
2019-02-13 03:52:48.829520,2019-02-13 03:53:08.466726,2019-02-13 03:53:09.923450
2019-02-13 03:52:48.802343,2019-02-13 03:53:08.439537,2019-02-13 03:53:09.924722
2019-02-13 03:52:48.803638,2019-02-13 03:53:08.445963,2019-02-13 03:53:09.925393
2019-02-13 03:52:48.813813,2019-02-13 03:53:08.459616,2019-02-13 03:53:09.926014
2019-02-13 03:52:48.831612,2019-02-13 03:53:08.468862,2019-02-13 03:53:09.927554
2019-02-13 03:52:48.831852,2019-02-13 03:53:08.469047,2019-02-13 03:53:09.928157
2019-02-13 03:52:48.811235,2019-02-13 03:53:08.456068,2019-02-13 03:53:09.928765
2019-02-13 03:52:48.810223,2019-02-13 03:53:08.449494,2019-02-13 03:53:09.929860
2019-02-13 03:52:48.831285,2019-02-13 03:53:08.468482,2019-02-13 03:53:10.033500
2019-02-13 03:52:48.802530,2019-02-13 03:53:08.439741,2019-02-13 03:53:10.035646
2019-02-13 03:52:48.798986,2019-02-13 03:53:08.436082,2019-02-13 03:53:10.037318
2019-02-13 03:52:48.803087,2019-02-13 03:53:08.440365,2019-02-13 03:53:10.038034
2019-02-13 03:52:48.810602,2019-02-13 03:53:08.450193,2019-02-13 03:53:10.038536
2019-02-13 03:52:48.809066,2019-02-13 03:53:08.446471,2019-02-13 03:53:10.038990
2019-02-13 03:52:48.798366,2019-02-13 03:53:08.435485,2019-02-13 03:53:10.039476
2019-02-13 03:52:48.813380,2019-02-13 03:53:08.459154,2019-02-13 03:53:10.245389
2019-02-13 03:52:48.812749,2019-02-13 03:53:08.458008,2019-02-13 03:53:10.586071
2019-02-13 03:52:48.810917,2019-02-13 03:53:08.455575,2019-02-13 03:53:10.648876
2019-02-13 03:52:48.802111,2019-02-13 03:53:08.439310,2019-02-13 03:53:10.749932
2019-02-13 03:52:48.829267,2019-02-13 03:53:08.466440,2019-02-13 03:53:10.750887
2019-02-13 03:52:48.801162,2019-02-13 03:53:08.438155,2019-02-13 03:53:10.751591
2019-02-13 03:52:48.800396,2019-02-13 03:53:08.437456,2019-02-13 03:53:10.752282
2019-02-13 03:53:47.745342,2019-02-13 03:54:07.397991,2019-02-13 03:54:07.696137
2019-02-13 03:53:47.765431,2019-02-13 03:54:07.412920,2019-02-13 03:54:07.795631
2019-02-13 03:53:47.746068,2019-02-13 03:54:07.398395,2019-02-13 03:54:07.889280
2019-02-13 03:53:47.773300,2019-02-13 03:54:07.434506,2019-02-13 03:54:07.889908
2019-02-13 03:53:47.756951,2019-02-13 03:54:07.400073,2019-02-13 03:54:07.890408
2019-02-13 03:53:47.765188,2019-02-13 03:54:07.412754,2019-02-13 03:54:07.890803
2019-02-13 03:53:47.774973,2019-02-13 03:54:07.436635,2019-02-13 03:54:07.891186
2019-02-13 03:53:47.775929,2019-02-13 03:54:07.438096,2019-02-13 03:54:07.891568
2019-02-13 03:53:47.764743,2019-02-13 03:54:07.412405,2019-02-13 03:54:07.891956
2019-02-13 03:53:47.758998,2019-02-13 03:54:07.401366,2019-02-13 03:54:07.979136
2019-02-13 03:53:47.772538,2019-02-13 03:54:07.415614,2019-02-13 03:54:07.979809
2019-02-13 03:53:47.758346,2019-02-13 03:54:07.400976,2019-02-13 03:54:07.980368
2019-02-13 03:53:47.756175,2019-02-13 03:54:07.399509,2019-02-13 03:54:07.980870
2019-02-13 03:53:47.775224,2019-02-13 03:54:07.437075,2019-02-13 03:54:07.981368
2019-02-13 03:53:47.773898,2019-02-13 03:54:07.435412,2019-02-13 03:54:07.981855
2019-02-13 03:53:47.767402,2019-02-13 03:54:07.414728,2019-02-13 03:54:07.982396
2019-02-13 03:53:47.777212,2019-02-13 03:54:07.445070,2019-02-13 03:54:07.992097
2019-02-13 03:53:47.756449,2019-02-13 03:54:07.399691,2019-02-13 03:54:07.992672
2019-02-13 03:53:47.755655,2019-02-13 03:54:07.399131,2019-02-13 03:54:08.088139
2019-02-13 03:53:47.775450,2019-02-13 03:54:07.437366,2019-02-13 03:54:08.089460
2019-02-13 03:53:47.743095,2019-02-13 03:54:07.396858,2019-02-13 03:54:08.090607
2019-02-13 03:53:47.747735,2019-02-13 03:54:07.398582,2019-02-13 03:54:08.091594
2019-02-13 03:53:47.758018,2019-02-13 03:54:07.400800,2019-02-13 03:54:08.092573
2019-02-13 03:53:47.759568,2019-02-13 03:54:07.401732,2019-02-13 03:54:08.093583
2019-02-13 03:53:47.743493,2019-02-13 03:54:07.397063,2019-02-13 03:54:08.095070
2019-02-13 03:53:47.766776,2019-02-13 03:54:07.413916,2019-02-13 03:54:08.096576
2019-02-13 03:53:47.774132,2019-02-13 03:54:07.435766,2019-02-13 03:54:08.185363
2019-02-13 03:53:47.772950,2019-02-13 03:54:07.416055,2019-02-13 03:54:08.185872
2019-02-13 03:53:47.767625,2019-02-13 03:54:07.414902,2019-02-13 03:54:08.186208
2019-02-13 03:53:47.767849,2019-02-13 03:54:07.415140,2019-02-13 03:54:08.186549
2019-02-13 03:53:47.742407,2019-02-13 03:54:07.396469,2019-02-13 03:54:08.186816
2019-02-13 03:53:47.764958,2019-02-13 03:54:07.412589,2019-02-13 03:54:08.187082
2019-02-13 03:53:47.776403,2019-02-13 03:54:07.438892,2019-02-13 03:54:08.187370
2019-02-13 03:53:47.773684,2019-02-13 03:54:07.435130,2019-02-13 03:54:08.196276
2019-02-13 03:53:47.755109,2019-02-13 03:54:07.398763,2019-02-13 03:54:08.299706
2019-02-13 03:53:47.757198,2019-02-13 03:54:07.400254,2019-02-13 03:54:08.300266
2019-02-13 03:53:47.763598,2019-02-13 03:54:07.411575,2019-02-13 03:54:08.300588
2019-02-13 03:53:47.777445,2019-02-13 03:54:07.445381,2019-02-13 03:54:08.300888
2019-02-13 03:53:47.764530,2019-02-13 03:54:07.412241,2019-02-13 03:54:08.301171
2019-02-13 03:53:47.764292,2019-02-13 03:54:07.412077,2019-02-13 03:54:08.301481
2019-02-13 03:53:47.767192,2019-02-13 03:54:07.414497,2019-02-13 03:54:08.410556
2019-02-13 03:53:47.758696,2019-02-13 03:54:07.401157,2019-02-13 03:54:08.513809
2019-02-13 03:53:47.766959,2019-02-13 03:54:07.414223,2019-02-13 03:54:08.607438
2019-02-13 03:53:47.765685,2019-02-13 03:54:07.413085,2019-02-13 03:54:08.608058
2019-02-13 03:53:47.774435,2019-02-13 03:54:07.436017,2019-02-13 03:54:08.608380
2019-02-13 03:53:47.775707,2019-02-13 03:54:07.437845,2019-02-13 03:54:08.608664
2019-02-13 03:53:47.742821,2019-02-13 03:54:07.396734,2019-02-13 03:54:08.608944
2019-02-13 03:53:47.745710,2019-02-13 03:54:07.398167,2019-02-13 03:54:08.609219
2019-02-13 03:53:47.757758,2019-02-13 03:54:07.400631,2019-02-13 03:54:08.609491
2019-02-13 03:53:47.768085,2019-02-13 03:54:07.415302,2019-02-13 03:54:08.609765
2019-02-13 03:53:47.744639,2019-02-13 03:54:07.397641,2019-02-13 03:54:08.709411
2019-02-13 03:53:47.764081,2019-02-13 03:54:07.411912,2019-02-13 03:54:08.709893
2019-02-13 03:53:47.766420,2019-02-13 03:54:07.413633,2019-02-13 03:54:08.710356
2019-02-13 03:53:47.755383,2019-02-13 03:54:07.398947,2019-02-13 03:54:08.710750
2019-02-13 03:53:47.759838,2019-02-13 03:54:07.411387,2019-02-13 03:54:08.711118
2019-02-13 03:53:47.763821,2019-02-13 03:54:07.411748,2019-02-13 03:54:08.711484
2019-02-13 03:53:47.766130,2019-02-13 03:54:07.413447,2019-02-13 03:54:08.711868
2019-02-13 03:53:47.744280,2019-02-13 03:54:07.397467,2019-02-13 03:54:08.812977
2019-02-13 03:53:47.773123,2019-02-13 03:54:07.416299,2019-02-13 03:54:08.814237
2019-02-13 03:53:47.757454,2019-02-13 03:54:07.400446,2019-02-13 03:54:08.815383
2019-02-13 03:53:47.755915,2019-02-13 03:54:07.399318,2019-02-13 03:54:08.816438
2019-02-13 03:53:47.793108,2019-02-13 03:54:07.445629,2019-02-13 03:54:08.817405
2019-02-13 03:53:47.774688,2019-02-13 03:54:07.436339,2019-02-13 03:54:08.818725
2019-02-13 03:53:47.768323,2019-02-13 03:54:07.415460,2019-02-13 03:54:09.434961
2019-02-13 03:53:47.776826,2019-02-13 03:54:07.439394,2019-02-13 03:54:09.536751
2019-02-13 03:53:47.773475,2019-02-13 03:54:07.434781,2019-02-13 03:54:09.631633
2019-02-13 03:53:47.765911,2019-02-13 03:54:07.413279,2019-02-13 03:54:09.733730
2019-02-13 03:53:47.772772,2019-02-13 03:54:07.415804,2019-02-13 03:54:09.735110
2019-02-13 03:53:47.776187,2019-02-13 03:54:07.438587,2019-02-13 03:54:09.736204
2019-02-13 03:53:47.744992,2019-02-13 03:54:07.397818,2019-02-13 03:54:09.737073
2019-02-13 03:53:47.759288,2019-02-13 03:54:07.401552,2019-02-13 03:54:09.737940
2019-02-13 03:53:47.756703,2019-02-13 03:54:07.399870,2019-02-13 03:54:09.738907
2019-02-13 03:53:47.776641,2019-02-13 03:54:07.439166,2019-02-13 03:54:09.835671
2019-02-13 03:53:47.743893,2019-02-13 03:54:07.397284,2019-02-13 03:54:09.836113
2019-02-13 03:53:47.777006,2019-02-13 03:54:07.444655,2019-02-13 03:54:09.836406
2019-02-13 03:54:46.687819,2019-02-13 03:55:06.327003,2019-02-13 03:55:06.744532
2019-02-13 03:54:46.693094,2019-02-13 03:55:06.346308,2019-02-13 03:55:06.913728
2019-02-13 03:54:46.692177,2019-02-13 03:55:06.339995,2019-02-13 03:55:07.077635
2019-02-13 03:54:46.724332,2019-02-13 03:55:06.358229,2019-02-13 03:55:07.078189
2019-02-13 03:54:46.690493,2019-02-13 03:55:06.336387,2019-02-13 03:55:07.495999
2019-02-13 03:54:46.727210,2019-02-13 03:55:06.384453,2019-02-13 03:55:07.600872
2019-02-13 03:54:46.692914,2019-02-13 03:55:06.346086,2019-02-13 03:55:07.693632
2019-02-13 03:54:46.712426,2019-02-13 03:55:06.356035,2019-02-13 03:55:07.695374
2019-02-13 03:54:46.709119,2019-02-13 03:55:06.346676,2019-02-13 03:55:07.696741
2019-02-13 03:54:46.689840,2019-02-13 03:55:06.335380,2019-02-13 03:55:07.698110
2019-02-13 03:54:46.710177,2019-02-13 03:55:06.348204,2019-02-13 03:55:07.699623
2019-02-13 03:54:46.712627,2019-02-13 03:55:06.356231,2019-02-13 03:55:07.701014
2019-02-13 03:54:46.726383,2019-02-13 03:55:06.381819,2019-02-13 03:55:07.702843
2019-02-13 03:54:46.710004,2019-02-13 03:55:06.347963,2019-02-13 03:55:07.704295
2019-02-13 03:54:46.690687,2019-02-13 03:55:06.336683,2019-02-13 03:55:07.792711
2019-02-13 03:54:46.725435,2019-02-13 03:55:06.359839,2019-02-13 03:55:07.793195
2019-02-13 03:54:46.726623,2019-02-13 03:55:06.382587,2019-02-13 03:55:07.793521
2019-02-13 03:54:46.691259,2019-02-13 03:55:06.337798,2019-02-13 03:55:07.793817
2019-02-13 03:54:46.688973,2019-02-13 03:55:06.330074,2019-02-13 03:55:07.794100
2019-02-13 03:54:46.711648,2019-02-13 03:55:06.350354,2019-02-13 03:55:07.794440
2019-02-13 03:54:46.713467,2019-02-13 03:55:06.357314,2019-02-13 03:55:07.794791
2019-02-13 03:54:46.691802,2019-02-13 03:55:06.339025,2019-02-13 03:55:07.795107
2019-02-13 03:54:46.724804,2019-02-13 03:55:06.358856,2019-02-13 03:55:07.883776
2019-02-13 03:54:46.727833,2019-02-13 03:55:06.391119,2019-02-13 03:55:07.884313
2019-02-13 03:54:46.713286,2019-02-13 03:55:06.357031,2019-02-13 03:55:07.884662
2019-02-13 03:54:46.709835,2019-02-13 03:55:06.347681,2019-02-13 03:55:07.884990
2019-02-13 03:54:46.725225,2019-02-13 03:55:06.359564,2019-02-13 03:55:07.885264
2019-02-13 03:54:46.709668,2019-02-13 03:55:06.347461,2019-02-13 03:55:07.885531
2019-02-13 03:54:46.691622,2019-02-13 03:55:06.338673,2019-02-13 03:55:07.885820
2019-02-13 03:54:46.725009,2019-02-13 03:55:06.359255,2019-02-13 03:55:07.897019
2019-02-13 03:54:46.711106,2019-02-13 03:55:06.349466,2019-02-13 03:55:07.897463
2019-02-13 03:54:46.709300,2019-02-13 03:55:06.347001,2019-02-13 03:55:07.997118
2019-02-13 03:54:46.712842,2019-02-13 03:55:06.356436,2019-02-13 03:55:07.997656
2019-02-13 03:54:46.727627,2019-02-13 03:55:06.385707,2019-02-13 03:55:07.998005
2019-02-13 03:54:46.711275,2019-02-13 03:55:06.349745,2019-02-13 03:55:07.998341
2019-02-13 03:54:46.688205,2019-02-13 03:55:06.327656,2019-02-13 03:55:07.998629
2019-02-13 03:54:46.689199,2019-02-13 03:55:06.330794,2019-02-13 03:55:07.998910
2019-02-13 03:54:46.688550,2019-02-13 03:55:06.328789,2019-02-13 03:55:07.999238
2019-02-13 03:54:46.724553,2019-02-13 03:55:06.358577,2019-02-13 03:55:07.999565
2019-02-13 03:54:46.712062,2019-02-13 03:55:06.355598,2019-02-13 03:55:08.094759
2019-02-13 03:54:46.710922,2019-02-13 03:55:06.349102,2019-02-13 03:55:08.095322
2019-02-13 03:54:46.690294,2019-02-13 03:55:06.336083,2019-02-13 03:55:08.095694
2019-02-13 03:54:46.728545,2019-02-13 03:55:06.391886,2019-02-13 03:55:08.095989
2019-02-13 03:54:46.689594,2019-02-13 03:55:06.332030,2019-02-13 03:55:08.096278
2019-02-13 03:54:46.690048,2019-02-13 03:55:06.335755,2019-02-13 03:55:08.096559
2019-02-13 03:54:46.691444,2019-02-13 03:55:06.338218,2019-02-13 03:55:08.096863
2019-02-13 03:54:46.689394,2019-02-13 03:55:06.331410,2019-02-13 03:55:08.101381
2019-02-13 03:54:46.726820,2019-02-13 03:55:06.383205,2019-02-13 03:55:08.195633
2019-02-13 03:54:46.728742,2019-02-13 03:55:06.392123,2019-02-13 03:55:08.196121
2019-02-13 03:54:46.691050,2019-02-13 03:55:06.337465,2019-02-13 03:55:08.196469
2019-02-13 03:54:46.727416,2019-02-13 03:55:06.385095,2019-02-13 03:55:08.196750
2019-02-13 03:54:46.688337,2019-02-13 03:55:06.328123,2019-02-13 03:55:08.197027
2019-02-13 03:54:46.710586,2019-02-13 03:55:06.348653,2019-02-13 03:55:08.197300
2019-02-13 03:54:46.709501,2019-02-13 03:55:06.347230,2019-02-13 03:55:08.197677
2019-02-13 03:54:46.711882,2019-02-13 03:55:06.350624,2019-02-13 03:55:08.203743
2019-02-13 03:54:46.727044,2019-02-13 03:55:06.383848,2019-02-13 03:55:08.288095
2019-02-13 03:54:46.692001,2019-02-13 03:55:06.339482,2019-02-13 03:55:08.288662
2019-02-13 03:54:46.728316,2019-02-13 03:55:06.391633,2019-02-13 03:55:08.289070
2019-02-13 03:54:46.692359,2019-02-13 03:55:06.340239,2019-02-13 03:55:08.289407
2019-02-13 03:54:46.725655,2019-02-13 03:55:06.360079,2019-02-13 03:55:08.289721
2019-02-13 03:54:46.690867,2019-02-13 03:55:06.337075,2019-02-13 03:55:08.290610
2019-02-13 03:54:46.692543,2019-02-13 03:55:06.345644,2019-02-13 03:55:08.291063
2019-02-13 03:54:46.726087,2019-02-13 03:55:06.381014,2019-02-13 03:55:08.306440
2019-02-13 03:54:46.710756,2019-02-13 03:55:06.348886,2019-02-13 03:55:08.307066
2019-02-13 03:54:46.728069,2019-02-13 03:55:06.391336,2019-02-13 03:55:08.394071
2019-02-13 03:54:46.713708,2019-02-13 03:55:06.357610,2019-02-13 03:55:08.394745
2019-02-13 03:54:46.725875,2019-02-13 03:55:06.360314,2019-02-13 03:55:08.395331
2019-02-13 03:54:46.712257,2019-02-13 03:55:06.355813,2019-02-13 03:55:08.395727
2019-02-13 03:54:46.713080,2019-02-13 03:55:06.356650,2019-02-13 03:55:08.397110
2019-02-13 03:54:46.688746,2019-02-13 03:55:06.329418,2019-02-13 03:55:08.397676
2019-02-13 03:54:46.710426,2019-02-13 03:55:06.348435,2019-02-13 03:55:08.398288
2019-02-13 03:54:46.692728,2019-02-13 03:55:06.345902,2019-02-13 03:55:08.408826
2019-02-13 03:54:46.711442,2019-02-13 03:55:06.350026,2019-02-13 03:55:08.409372
2019-02-13 03:54:46.708923,2019-02-13 03:55:06.346498,2019-02-13 03:55:08.511576
2019-02-13 03:54:46.723998,2019-02-13 03:55:06.357886,2019-02-13 03:55:08.512084
2019-02-13 03:55:45.699135,2019-02-13 03:56:05.354410,2019-02-13 03:56:05.564713
2019-02-13 03:55:45.686093,2019-02-13 03:56:05.345804,2019-02-13 03:56:05.667457
2019-02-13 03:55:45.697759,2019-02-13 03:56:05.347823,2019-02-13 03:56:05.869346
2019-02-13 03:55:45.672565,2019-02-13 03:56:05.324473,2019-02-13 03:56:06.788899
2019-02-13 03:55:45.662504,2019-02-13 03:56:05.320661,2019-02-13 03:56:06.891167
2019-02-13 03:55:45.682965,2019-02-13 03:56:05.343801,2019-02-13 03:56:06.982630
2019-02-13 03:55:45.698381,2019-02-13 03:56:05.353565,2019-02-13 03:56:06.983097
2019-02-13 03:55:45.683379,2019-02-13 03:56:05.344145,2019-02-13 03:56:06.983395
2019-02-13 03:55:45.683174,2019-02-13 03:56:05.343974,2019-02-13 03:56:07.114034
2019-02-13 03:55:45.669827,2019-02-13 03:56:05.322437,2019-02-13 03:56:07.267070
2019-02-13 03:55:45.672336,2019-02-13 03:56:05.324300,2019-02-13 03:56:07.294679
2019-02-13 03:55:45.681678,2019-02-13 03:56:05.336592,2019-02-13 03:56:07.392101
2019-02-13 03:55:45.671862,2019-02-13 03:56:05.323944,2019-02-13 03:56:07.392693
2019-02-13 03:55:45.669131,2019-02-13 03:56:05.321792,2019-02-13 03:56:07.393024
2019-02-13 03:55:45.685593,2019-02-13 03:56:05.345480,2019-02-13 03:56:07.393316
2019-02-13 03:55:45.682554,2019-02-13 03:56:05.343481,2019-02-13 03:56:07.393605
2019-02-13 03:55:45.663967,2019-02-13 03:56:05.321037,2019-02-13 03:56:07.393886
2019-02-13 03:55:45.684693,2019-02-13 03:56:05.344980,2019-02-13 03:56:07.394224
2019-02-13 03:55:45.683565,2019-02-13 03:56:05.344306,2019-02-13 03:56:07.394730
2019-02-13 03:55:45.697515,2019-02-13 03:56:05.347550,2019-02-13 03:56:07.485882
2019-02-13 03:55:45.682347,2019-02-13 03:56:05.343303,2019-02-13 03:56:07.486433
2019-02-13 03:55:45.696244,2019-02-13 03:56:05.346505,2019-02-13 03:56:07.486787
2019-02-13 03:55:45.658566,2019-02-13 03:56:05.319614,2019-02-13 03:56:07.487065
2019-02-13 03:55:45.659443,2019-02-13 03:56:05.319907,2019-02-13 03:56:07.487332
2019-02-13 03:55:45.671372,2019-02-13 03:56:05.323551,2019-02-13 03:56:07.487597
2019-02-13 03:55:45.700105,2019-02-13 03:56:05.355146,2019-02-13 03:56:07.487900
2019-02-13 03:55:45.668877,2019-02-13 03:56:05.321607,2019-02-13 03:56:07.494196
2019-02-13 03:55:45.672803,2019-02-13 03:56:05.324656,2019-02-13 03:56:07.591931
2019-02-13 03:55:45.681464,2019-02-13 03:56:05.335668,2019-02-13 03:56:07.592452
2019-02-13 03:55:45.683797,2019-02-13 03:56:05.344462,2019-02-13 03:56:07.592789
2019-02-13 03:55:45.699358,2019-02-13 03:56:05.354659,2019-02-13 03:56:07.593061
2019-02-13 03:55:45.670390,2019-02-13 03:56:05.322800,2019-02-13 03:56:07.593329
2019-02-13 03:55:45.685858,2019-02-13 03:56:05.345634,2019-02-13 03:56:07.593593
2019-02-13 03:55:45.725994,2019-02-13 03:56:05.355774,2019-02-13 03:56:07.593877
2019-02-13 03:55:45.671594,2019-02-13 03:56:05.323760,2019-02-13 03:56:07.596765
2019-02-13 03:55:45.681170,2019-02-13 03:56:05.333713,2019-02-13 03:56:07.597103
2019-02-13 03:55:45.726181,2019-02-13 03:56:05.356022,2019-02-13 03:56:07.681820
2019-02-13 03:55:45.696556,2019-02-13 03:56:05.346728,2019-02-13 03:56:07.682348
2019-02-13 03:55:45.670623,2019-02-13 03:56:05.322990,2019-02-13 03:56:07.682706
2019-02-13 03:55:45.699629,2019-02-13 03:56:05.354907,2019-02-13 03:56:07.682985
2019-02-13 03:55:45.669599,2019-02-13 03:56:05.322184,2019-02-13 03:56:07.683257
2019-02-13 03:55:45.669369,2019-02-13 03:56:05.321987,2019-02-13 03:56:07.683545
2019-02-13 03:55:45.663243,2019-02-13 03:56:05.320845,2019-02-13 03:56:07.683844
2019-02-13 03:55:45.685322,2019-02-13 03:56:05.345323,2019-02-13 03:56:07.699227
2019-02-13 03:55:45.726577,2019-02-13 03:56:05.356411,2019-02-13 03:56:07.699662
2019-02-13 03:55:45.698006,2019-02-13 03:56:05.348126,2019-02-13 03:56:07.789583
2019-02-13 03:55:45.727141,2019-02-13 03:56:05.356882,2019-02-13 03:56:07.790368
2019-02-13 03:55:45.700608,2019-02-13 03:56:05.355527,2019-02-13 03:56:07.790764
2019-02-13 03:55:45.668640,2019-02-13 03:56:05.321415,2019-02-13 03:56:07.791058
2019-02-13 03:55:45.672086,2019-02-13 03:56:05.324119,2019-02-13 03:56:07.791334
2019-02-13 03:55:45.660081,2019-02-13 03:56:05.320039,2019-02-13 03:56:07.791609
2019-02-13 03:55:45.726898,2019-02-13 03:56:05.356722,2019-02-13 03:56:07.791906
2019-02-13 03:55:45.684955,2019-02-13 03:56:05.345162,2019-02-13 03:56:07.801587
2019-02-13 03:55:45.698653,2019-02-13 03:56:05.353840,2019-02-13 03:56:07.904499
2019-02-13 03:55:45.696002,2019-02-13 03:56:05.346234,2019-02-13 03:56:08.056790
2019-02-13 03:55:45.670117,2019-02-13 03:56:05.322618,2019-02-13 03:56:08.108952
2019-02-13 03:55:45.668384,2019-02-13 03:56:05.321225,2019-02-13 03:56:08.109535
2019-02-13 03:55:45.660868,2019-02-13 03:56:05.320265,2019-02-13 03:56:08.109949
2019-02-13 03:55:45.697140,2019-02-13 03:56:05.347206,2019-02-13 03:56:08.211884
2019-02-13 03:55:45.682098,2019-02-13 03:56:05.337583,2019-02-13 03:56:08.213165
2019-02-13 03:55:45.700394,2019-02-13 03:56:05.355342,2019-02-13 03:56:08.214149
2019-02-13 03:55:45.727551,2019-02-13 03:56:05.357078,2019-02-13 03:56:08.215239
2019-02-13 03:55:45.696841,2019-02-13 03:56:05.346953,2019-02-13 03:56:08.216198
2019-02-13 03:55:45.661649,2019-02-13 03:56:05.320458,2019-02-13 03:56:08.217155
2019-02-13 03:55:45.681888,2019-02-13 03:56:05.337062,2019-02-13 03:56:08.218180
2019-02-13 03:55:45.698931,2019-02-13 03:56:05.354094,2019-02-13 03:56:08.293216
2019-02-13 03:55:45.670892,2019-02-13 03:56:05.323181,2019-02-13 03:56:08.294456
2019-02-13 03:55:45.671149,2019-02-13 03:56:05.323371,2019-02-13 03:56:08.295526
2019-02-13 03:55:45.726419,2019-02-13 03:56:05.356254,2019-02-13 03:56:08.296435
2019-02-13 03:55:45.695664,2019-02-13 03:56:05.346001,2019-02-13 03:56:08.297171
2019-02-13 03:55:45.726742,2019-02-13 03:56:05.356565,2019-02-13 03:56:08.297926
2019-02-13 03:55:45.684292,2019-02-13 03:56:05.344811,2019-02-13 03:56:08.298692
2019-02-13 03:55:45.682755,2019-02-13 03:56:05.343638,2019-02-13 03:56:08.313714
2019-02-13 03:55:45.684009,2019-02-13 03:56:05.344619,2019-02-13 03:56:08.314415
2019-02-13 03:55:45.673079,2019-02-13 03:56:05.324860,2019-02-13 03:56:08.416271
2019-02-13 03:56:44.610130,2019-02-13 03:57:04.243273,2019-02-13 03:57:04.542973
2019-02-13 03:56:44.607264,2019-02-13 03:57:04.241053,2019-02-13 03:57:04.643964
2019-02-13 03:56:44.606745,2019-02-13 03:57:04.240665,2019-02-13 03:57:04.737198
2019-02-13 03:56:44.607790,2019-02-13 03:57:04.241429,2019-02-13 03:57:04.737678
2019-02-13 03:56:44.619368,2019-02-13 03:57:04.244579,2019-02-13 03:57:04.738007
2019-02-13 03:56:44.618476,2019-02-13 03:57:04.244023,2019-02-13 03:57:04.738493
2019-02-13 03:56:44.610472,2019-02-13 03:57:04.243450,2019-02-13 03:57:04.850396
2019-02-13 03:56:44.623487,2019-02-13 03:57:04.255645,2019-02-13 03:57:05.055111
2019-02-13 03:56:44.610732,2019-02-13 03:57:04.243624,2019-02-13 03:57:05.147437
2019-02-13 03:56:44.633483,2019-02-13 03:57:04.279051,2019-02-13 03:57:05.148210
2019-02-13 03:56:44.621285,2019-02-13 03:57:04.253820,2019-02-13 03:57:05.148790
2019-02-13 03:56:44.620908,2019-02-13 03:57:04.253373,2019-02-13 03:57:05.149338
2019-02-13 03:56:44.623303,2019-02-13 03:57:04.255487,2019-02-13 03:57:05.150064
2019-02-13 03:56:44.620400,2019-02-13 03:57:04.252788,2019-02-13 03:57:05.150937
2019-02-13 03:56:44.630572,2019-02-13 03:57:04.276019,2019-02-13 03:57:05.151743
2019-02-13 03:56:44.621479,2019-02-13 03:57:04.254102,2019-02-13 03:57:05.249790
2019-02-13 03:56:44.621706,2019-02-13 03:57:04.254309,2019-02-13 03:57:05.251312
2019-02-13 03:56:44.632213,2019-02-13 03:57:04.277617,2019-02-13 03:57:05.252533
2019-02-13 03:56:44.629656,2019-02-13 03:57:04.256687,2019-02-13 03:57:05.253719
2019-02-13 03:56:44.620564,2019-02-13 03:57:04.252975,2019-02-13 03:57:05.255014
2019-02-13 03:56:44.609364,2019-02-13 03:57:04.242694,2019-02-13 03:57:05.256220
2019-02-13 03:56:44.622553,2019-02-13 03:57:04.254891,2019-02-13 03:57:05.352430
2019-02-13 03:56:44.631072,2019-02-13 03:57:04.276518,2019-02-13 03:57:05.353951
2019-02-13 03:56:44.639224,2019-02-13 03:57:04.279632,2019-02-13 03:57:05.355466
2019-02-13 03:56:44.631718,2019-02-13 03:57:04.277140,2019-02-13 03:57:05.356789
2019-02-13 03:56:44.621105,2019-02-13 03:57:04.253577,2019-02-13 03:57:05.437519
2019-02-13 03:56:44.638743,2019-02-13 03:57:04.279261,2019-02-13 03:57:05.438043
2019-02-13 03:56:44.629153,2019-02-13 03:57:04.256288,2019-02-13 03:57:05.438465
2019-02-13 03:56:44.633026,2019-02-13 03:57:04.278576,2019-02-13 03:57:05.438764
2019-02-13 03:56:44.628656,2019-02-13 03:57:04.255823,2019-02-13 03:57:05.439051
2019-02-13 03:56:44.631472,2019-02-13 03:57:04.276924,2019-02-13 03:57:05.439336
2019-02-13 03:56:44.621915,2019-02-13 03:57:04.254477,2019-02-13 03:57:05.439642
2019-02-13 03:56:44.630798,2019-02-13 03:57:04.276309,2019-02-13 03:57:05.453750
2019-02-13 03:56:44.605871,2019-02-13 03:57:04.240010,2019-02-13 03:57:05.454348
2019-02-13 03:56:44.608313,2019-02-13 03:57:04.241810,2019-02-13 03:57:05.539187
2019-02-13 03:56:44.631269,2019-02-13 03:57:04.276737,2019-02-13 03:57:05.540296
2019-02-13 03:56:44.639619,2019-02-13 03:57:04.279962,2019-02-13 03:57:05.541136
2019-02-13 03:56:44.619871,2019-02-13 03:57:04.245190,2019-02-13 03:57:05.541948
2019-02-13 03:56:44.633257,2019-02-13 03:57:04.278823,2019-02-13 03:57:05.542857
2019-02-13 03:56:44.606170,2019-02-13 03:57:04.240322,2019-02-13 03:57:05.543663
2019-02-13 03:56:44.606464,2019-02-13 03:57:04.240459,2019-02-13 03:57:05.544524
2019-02-13 03:56:44.630350,2019-02-13 03:57:04.257211,2019-02-13 03:57:05.556296
2019-02-13 03:56:44.630049,2019-02-13 03:57:04.257051,2019-02-13 03:57:05.557615
2019-02-13 03:56:44.608044,2019-02-13 03:57:04.241620,2019-02-13 03:57:05.635502
2019-02-13 03:56:44.608570,2019-02-13 03:57:04.241993,2019-02-13 03:57:05.636370
2019-02-13 03:56:44.620236,2019-02-13 03:57:04.252595,2019-02-13 03:57:05.637010
2019-02-13 03:56:44.610977,2019-02-13 03:57:04.243827,2019-02-13 03:57:05.637622
2019-02-13 03:56:44.632855,2019-02-13 03:57:04.278339,2019-02-13 03:57:05.638379
2019-02-13 03:56:44.608843,2019-02-13 03:57:04.242183,2019-02-13 03:57:05.639033
2019-02-13 03:56:44.639005,2019-02-13 03:57:04.279450,2019-02-13 03:57:05.639685
2019-02-13 03:56:44.622779,2019-02-13 03:57:04.255119,2019-02-13 03:57:05.659345
2019-02-13 03:56:44.640258,2019-02-13 03:57:04.280583,2019-02-13 03:57:05.661151
2019-02-13 03:56:44.609865,2019-02-13 03:57:04.243093,2019-02-13 03:57:05.663341
2019-02-13 03:56:44.629393,2019-02-13 03:57:04.256500,2019-02-13 03:57:05.753702
2019-02-13 03:56:44.620732,2019-02-13 03:57:04.253157,2019-02-13 03:57:05.754371
2019-02-13 03:56:44.607546,2019-02-13 03:57:04.241247,2019-02-13 03:57:05.754796
2019-02-13 03:56:44.609096,2019-02-13 03:57:04.242492,2019-02-13 03:57:05.755148
2019-02-13 03:56:44.619705,2019-02-13 03:57:04.244990,2019-02-13 03:57:05.755513
2019-02-13 03:56:44.632656,2019-02-13 03:57:04.278044,2019-02-13 03:57:05.755877
2019-02-13 03:56:44.619106,2019-02-13 03:57:04.244398,2019-02-13 03:57:05.756297
2019-02-13 03:56:44.620067,2019-02-13 03:57:04.252298,2019-02-13 03:57:05.760915
2019-02-13 03:56:44.631961,2019-02-13 03:57:04.277412,2019-02-13 03:57:05.761388
2019-02-13 03:56:44.640061,2019-02-13 03:57:04.280348,2019-02-13 03:57:05.852486
2019-02-13 03:56:44.629850,2019-02-13 03:57:04.256894,2019-02-13 03:57:05.856139
2019-02-13 03:56:44.640498,2019-02-13 03:57:04.280822,2019-02-13 03:57:05.858001
2019-02-13 03:56:44.609615,2019-02-13 03:57:04.242892,2019-02-13 03:57:05.859764
2019-02-13 03:56:44.622148,2019-02-13 03:57:04.254654,2019-02-13 03:57:05.861240
2019-02-13 03:56:44.628910,2019-02-13 03:57:04.256048,2019-02-13 03:57:05.861632
2019-02-13 03:56:44.607014,2019-02-13 03:57:04.240851,2019-02-13 03:57:05.862047
2019-02-13 03:56:44.632447,2019-02-13 03:57:04.277870,2019-02-13 03:57:05.863287
2019-02-13 03:56:44.618836,2019-02-13 03:57:04.244204,2019-02-13 03:57:05.863718
2019-02-13 03:56:44.639439,2019-02-13 03:57:04.279797,2019-02-13 03:57:05.967213
2019-02-13 03:56:44.623068,2019-02-13 03:57:04.255322,2019-02-13 03:57:05.968293
2019-02-13 03:56:44.619547,2019-02-13 03:57:04.244755,2019-02-13 03:57:05.969123
2019-02-13 03:56:44.639830,2019-02-13 03:57:04.280126,2019-02-13 03:57:05.969991
2019-02-13 03:57:43.523972,2019-02-13 03:58:03.159159,2019-02-13 03:58:03.426121
2019-02-13 03:57:43.507111,2019-02-13 03:58:03.149649,2019-02-13 03:58:03.730766
2019-02-13 03:57:43.537514,2019-02-13 03:58:03.161650,2019-02-13 03:58:03.933616
2019-02-13 03:57:43.514550,2019-02-13 03:58:03.150636,2019-02-13 03:58:04.027983
2019-02-13 03:57:43.522485,2019-02-13 03:58:03.157930,2019-02-13 03:58:04.028523
2019-02-13 03:57:43.540557,2019-02-13 03:58:03.172478,2019-02-13 03:58:04.028926
2019-02-13 03:57:43.518509,2019-02-13 03:58:03.157572,2019-02-13 03:58:04.029246
2019-02-13 03:57:43.536971,2019-02-13 03:58:03.161455,2019-02-13 03:58:04.029562
2019-02-13 03:57:43.522781,2019-02-13 03:58:03.158107,2019-02-13 03:58:04.029876
2019-02-13 03:57:43.538518,2019-02-13 03:58:03.170692,2019-02-13 03:58:04.030226
2019-02-13 03:57:43.526142,2019-02-13 03:58:03.160687,2019-02-13 03:58:04.127429
2019-02-13 03:57:43.516054,2019-02-13 03:58:03.151858,2019-02-13 03:58:04.127879
2019-02-13 03:57:43.508172,2019-02-13 03:58:03.150019,2019-02-13 03:58:04.128176
2019-02-13 03:57:43.552771,2019-02-13 03:58:03.174017,2019-02-13 03:58:04.128447
2019-02-13 03:57:43.515191,2019-02-13 03:58:03.151163,2019-02-13 03:58:04.128712
2019-02-13 03:57:43.524877,2019-02-13 03:58:03.159741,2019-02-13 03:58:04.128978
2019-02-13 03:57:43.514313,2019-02-13 03:58:03.150445,2019-02-13 03:58:04.129301
2019-02-13 03:57:43.523734,2019-02-13 03:58:03.158940,2019-02-13 03:58:04.129608
2019-02-13 03:57:43.518226,2019-02-13 03:58:03.157393,2019-02-13 03:58:04.217317
2019-02-13 03:57:43.540354,2019-02-13 03:58:03.172279,2019-02-13 03:58:04.217956
2019-02-13 03:57:43.552064,2019-02-13 03:58:03.173581,2019-02-13 03:58:04.218488
2019-02-13 03:57:43.506619,2019-02-13 03:58:03.149452,2019-02-13 03:58:04.218833
2019-02-13 03:57:43.540145,2019-02-13 03:58:03.172118,2019-02-13 03:58:04.219164
2019-02-13 03:57:43.539264,2019-02-13 03:58:03.171317,2019-02-13 03:58:04.219468
2019-02-13 03:57:43.514980,2019-02-13 03:58:03.150982,2019-02-13 03:58:04.219808
2019-02-13 03:57:43.507670,2019-02-13 03:58:03.149838,2019-02-13 03:58:04.232664
2019-02-13 03:57:43.539451,2019-02-13 03:58:03.171507,2019-02-13 03:58:04.233149
2019-02-13 03:57:43.502905,2019-02-13 03:58:03.148059,2019-02-13 03:58:04.317995
2019-02-13 03:57:43.539025,2019-02-13 03:58:03.171115,2019-02-13 03:58:04.318636
2019-02-13 03:57:43.506063,2019-02-13 03:58:03.149276,2019-02-13 03:58:04.319029
2019-02-13 03:57:43.553770,2019-02-13 03:58:03.174949,2019-02-13 03:58:04.319404
2019-02-13 03:57:43.541320,2019-02-13 03:58:03.173085,2019-02-13 03:58:04.319698
2019-02-13 03:57:43.515410,2019-02-13 03:58:03.151337,2019-02-13 03:58:04.319973
2019-02-13 03:57:43.553034,2019-02-13 03:58:03.174301,2019-02-13 03:58:04.320315
2019-02-13 03:57:43.525205,2019-02-13 03:58:03.159999,2019-02-13 03:58:04.334692
2019-02-13 03:57:43.516473,2019-02-13 03:58:03.152220,2019-02-13 03:58:04.335196
2019-02-13 03:57:43.524602,2019-02-13 03:58:03.159527,2019-02-13 03:58:04.437132
2019-02-13 03:57:43.505523,2019-02-13 03:58:03.149099,2019-02-13 03:58:04.590924
2019-02-13 03:57:43.541052,2019-02-13 03:58:03.172885,2019-02-13 03:58:04.709451
2019-02-13 03:57:43.514766,2019-02-13 03:58:03.150811,2019-02-13 03:58:04.745278
2019-02-13 03:57:43.517789,2019-02-13 03:58:03.156995,2019-02-13 03:58:04.840448
2019-02-13 03:57:43.553524,2019-02-13 03:58:03.174760,2019-02-13 03:58:04.841210
2019-02-13 03:57:43.524319,2019-02-13 03:58:03.159348,2019-02-13 03:58:04.841834
2019-02-13 03:57:43.522070,2019-02-13 03:58:03.157748,2019-02-13 03:58:04.842473
2019-02-13 03:57:43.515622,2019-02-13 03:58:03.151510,2019-02-13 03:58:04.843026
2019-02-13 03:57:43.526821,2019-02-13 03:58:03.161067,2019-02-13 03:58:04.843575
2019-02-13 03:57:43.527089,2019-02-13 03:58:03.161283,2019-02-13 03:58:04.844201
2019-02-13 03:57:43.516680,2019-02-13 03:58:03.152400,2019-02-13 03:58:04.846950
2019-02-13 03:57:43.538759,2019-02-13 03:58:03.170847,2019-02-13 03:58:04.952546
2019-02-13 03:57:43.553299,2019-02-13 03:58:03.174544,2019-02-13 03:58:04.954523
2019-02-13 03:57:43.513909,2019-02-13 03:58:03.150197,2019-02-13 03:58:04.956708
2019-02-13 03:57:43.541556,2019-02-13 03:58:03.173285,2019-02-13 03:58:04.958872
2019-02-13 03:57:43.523262,2019-02-13 03:58:03.158569,2019-02-13 03:58:04.961178
2019-02-13 03:57:43.539672,2019-02-13 03:58:03.171709,2019-02-13 03:58:04.961482
2019-02-13 03:57:43.526502,2019-02-13 03:58:03.160868,2019-02-13 03:58:04.961827
2019-02-13 03:57:43.503859,2019-02-13 03:58:03.148515,2019-02-13 03:58:04.962150
2019-02-13 03:57:43.540770,2019-02-13 03:58:03.172643,2019-02-13 03:58:05.050767
2019-02-13 03:57:43.503463,2019-02-13 03:58:03.148383,2019-02-13 03:58:05.052136
2019-02-13 03:57:43.517128,2019-02-13 03:58:03.152943,2019-02-13 03:58:05.053368
2019-02-13 03:57:43.517335,2019-02-13 03:58:03.153315,2019-02-13 03:58:05.054737
2019-02-13 03:57:43.518005,2019-02-13 03:58:03.157214,2019-02-13 03:58:05.055247
2019-02-13 03:57:43.538123,2019-02-13 03:58:03.170522,2019-02-13 03:58:05.055746
2019-02-13 03:57:43.539904,2019-02-13 03:58:03.171926,2019-02-13 03:58:05.056340
2019-02-13 03:57:43.525562,2019-02-13 03:58:03.160265,2019-02-13 03:58:05.056870
2019-02-13 03:57:43.504499,2019-02-13 03:58:03.148733,2019-02-13 03:58:05.151438
2019-02-13 03:57:43.537789,2019-02-13 03:58:03.170342,2019-02-13 03:58:05.151891
2019-02-13 03:57:43.525863,2019-02-13 03:58:03.160452,2019-02-13 03:58:05.152213
2019-02-13 03:57:43.515832,2019-02-13 03:58:03.151688,2019-02-13 03:58:05.152479
2019-02-13 03:57:43.516906,2019-02-13 03:58:03.152669,2019-02-13 03:58:05.152739
2019-02-13 03:57:43.523504,2019-02-13 03:58:03.158762,2019-02-13 03:58:05.152997
2019-02-13 03:57:43.552442,2019-02-13 03:58:03.173787,2019-02-13 03:58:05.153277
2019-02-13 03:57:43.517557,2019-02-13 03:58:03.156795,2019-02-13 03:58:05.153735
2019-02-13 03:57:43.516263,2019-02-13 03:58:03.152036,2019-02-13 03:58:05.257504
2019-02-13 03:57:43.505014,2019-02-13 03:58:03.148911,2019-02-13 03:58:05.258739
2019-02-13 03:57:43.523030,2019-02-13 03:58:03.158361,2019-02-13 03:58:05.259642
2019-02-13 03:58:42.477157,2019-02-13 03:59:02.167563,2019-02-13 03:59:02.408017
2019-02-13 03:58:42.446628,2019-02-13 03:59:02.118980,2019-02-13 03:59:02.508863
2019-02-13 03:58:42.514053,2019-02-13 03:59:02.175306,2019-02-13 03:59:02.609667
2019-02-13 03:58:42.469010,2019-02-13 03:59:02.144185,2019-02-13 03:59:02.738845
2019-02-13 03:58:42.513802,2019-02-13 03:59:02.175109,2019-02-13 03:59:02.887133
2019-02-13 03:58:42.460272,2019-02-13 03:59:02.132326,2019-02-13 03:59:02.909325
2019-02-13 03:58:42.466380,2019-02-13 03:59:02.134663,2019-02-13 03:59:03.002712
2019-02-13 03:58:42.465804,2019-02-13 03:59:02.133999,2019-02-13 03:59:03.004150
2019-02-13 03:58:42.480637,2019-02-13 03:59:02.171669,2019-02-13 03:59:03.005388
2019-02-13 03:58:42.478818,2019-02-13 03:59:02.169792,2019-02-13 03:59:03.006690
2019-02-13 03:58:42.449739,2019-02-13 03:59:02.122134,2019-02-13 03:59:03.007933
2019-02-13 03:58:42.448431,2019-02-13 03:59:02.120874,2019-02-13 03:59:03.009155
2019-02-13 03:58:42.465982,2019-02-13 03:59:02.134205,2019-02-13 03:59:03.010428
2019-02-13 03:58:42.513519,2019-02-13 03:59:02.174872,2019-02-13 03:59:03.011307
2019-02-13 03:58:42.481419,2019-02-13 03:59:02.172914,2019-02-13 03:59:03.096802
2019-02-13 03:58:42.468766,2019-02-13 03:59:02.143886,2019-02-13 03:59:03.098182
2019-02-13 03:58:42.467623,2019-02-13 03:59:02.142587,2019-02-13 03:59:03.099652
2019-02-13 03:58:42.467797,2019-02-13 03:59:02.142822,2019-02-13 03:59:03.100866
2019-02-13 03:58:42.456033,2019-02-13 03:59:02.129648,2019-02-13 03:59:03.102047
2019-02-13 03:58:42.513275,2019-02-13 03:59:02.174626,2019-02-13 03:59:03.103306
2019-02-13 03:58:42.512988,2019-02-13 03:59:02.174376,2019-02-13 03:59:03.104568
2019-02-13 03:58:42.465136,2019-02-13 03:59:02.133039,2019-02-13 03:59:03.112647
2019-02-13 03:58:42.512494,2019-02-13 03:59:02.173768,2019-02-13 03:59:03.112965
2019-02-13 03:58:42.479313,2019-02-13 03:59:02.170342,2019-02-13 03:59:03.216215
2019-02-13 03:58:42.467263,2019-02-13 03:59:02.142148,2019-02-13 03:59:03.217649
2019-02-13 03:58:42.466162,2019-02-13 03:59:02.134455,2019-02-13 03:59:03.218407
2019-02-13 03:58:42.467091,2019-02-13 03:59:02.141947,2019-02-13 03:59:03.219109
2019-02-13 03:58:42.459613,2019-02-13 03:59:02.132022,2019-02-13 03:59:03.219799
2019-02-13 03:58:42.445908,2019-02-13 03:59:02.118219,2019-02-13 03:59:03.220486
2019-02-13 03:58:42.456736,2019-02-13 03:59:02.130835,2019-02-13 03:59:03.221216
2019-02-13 03:58:42.458936,2019-02-13 03:59:02.131692,2019-02-13 03:59:03.296980
2019-02-13 03:58:42.469749,2019-02-13 03:59:02.145205,2019-02-13 03:59:03.297440
2019-02-13 03:58:42.514365,2019-02-13 03:59:02.175501,2019-02-13 03:59:03.297799
2019-02-13 03:58:42.458126,2019-02-13 03:59:02.131419,2019-02-13 03:59:03.298131
2019-02-13 03:58:42.479090,2019-02-13 03:59:02.170026,2019-02-13 03:59:03.298541
2019-02-13 03:58:42.481186,2019-02-13 03:59:02.172615,2019-02-13 03:59:03.298862
2019-02-13 03:58:42.447081,2019-02-13 03:59:02.119499,2019-02-13 03:59:03.299194
2019-02-13 03:58:42.514602,2019-02-13 03:59:02.175710,2019-02-13 03:59:03.317553
2019-02-13 03:58:42.447805,2019-02-13 03:59:02.120248,2019-02-13 03:59:03.317992
2019-02-13 03:58:42.457424,2019-02-13 03:59:02.131130,2019-02-13 03:59:03.400041
2019-02-13 03:58:42.466734,2019-02-13 03:59:02.141522,2019-02-13 03:59:03.400540
2019-02-13 03:58:42.477530,2019-02-13 03:59:02.168181,2019-02-13 03:59:03.400904
2019-02-13 03:58:42.467994,2019-02-13 03:59:02.143062,2019-02-13 03:59:03.401202
2019-02-13 03:58:42.466915,2019-02-13 03:59:02.141740,2019-02-13 03:59:03.401483
2019-02-13 03:58:42.478386,2019-02-13 03:59:02.169309,2019-02-13 03:59:03.401767
2019-02-13 03:58:42.468173,2019-02-13 03:59:02.143276,2019-02-13 03:59:03.402073
2019-02-13 03:58:42.450412,2019-02-13 03:59:02.122834,2019-02-13 03:59:03.420226
2019-02-13 03:58:42.478565,2019-02-13 03:59:02.169545,2019-02-13 03:59:03.420762
2019-02-13 03:58:42.468344,2019-02-13 03:59:02.143494,2019-02-13 03:59:03.522367
2019-02-13 03:58:42.449053,2019-02-13 03:59:02.121520,2019-02-13 03:59:03.522841
2019-02-13 03:58:42.477931,2019-02-13 03:59:02.168764,2019-02-13 03:59:03.625127
2019-02-13 03:58:42.467437,2019-02-13 03:59:02.142394,2019-02-13 03:59:03.625586
2019-02-13 03:58:42.469477,2019-02-13 03:59:02.144732,2019-02-13 03:59:03.625950
2019-02-13 03:58:42.469926,2019-02-13 03:59:02.145747,2019-02-13 03:59:03.626305
2019-02-13 03:58:42.479590,2019-02-13 03:59:02.170619,2019-02-13 03:59:03.626667
2019-02-13 03:58:42.477718,2019-02-13 03:59:02.168465,2019-02-13 03:59:03.715249
2019-02-13 03:58:42.480348,2019-02-13 03:59:02.171418,2019-02-13 03:59:03.715878
2019-02-13 03:58:42.512762,2019-02-13 03:59:02.174048,2019-02-13 03:59:03.716276
2019-02-13 03:58:42.514877,2019-02-13 03:59:02.175905,2019-02-13 03:59:03.716585
2019-02-13 03:58:42.476967,2019-02-13 03:59:02.167218,2019-02-13 03:59:03.716878
2019-02-13 03:58:42.460978,2019-02-13 03:59:02.132635,2019-02-13 03:59:03.717168
2019-02-13 03:58:42.512180,2019-02-13 03:59:02.173490,2019-02-13 03:59:03.717520
2019-02-13 03:58:42.477343,2019-02-13 03:59:02.167891,2019-02-13 03:59:03.727694
2019-02-13 03:58:42.476752,2019-02-13 03:59:02.146156,2019-02-13 03:59:03.728576
2019-02-13 03:58:42.451029,2019-02-13 03:59:02.123462,2019-02-13 03:59:03.811346
2019-02-13 03:58:42.466557,2019-02-13 03:59:02.141259,2019-02-13 03:59:03.811939
2019-02-13 03:58:42.465623,2019-02-13 03:59:02.133726,2019-02-13 03:59:03.812853
2019-02-13 03:58:42.480941,2019-02-13 03:59:02.172303,2019-02-13 03:59:03.813242
2019-02-13 03:58:42.468523,2019-02-13 03:59:02.143694,2019-02-13 03:59:03.813628
2019-02-13 03:58:42.478158,2019-02-13 03:59:02.169069,2019-02-13 03:59:03.813997
2019-02-13 03:58:42.480074,2019-02-13 03:59:02.171172,2019-02-13 03:59:03.814526
2019-02-13 03:58:42.481715,2019-02-13 03:59:02.173202,2019-02-13 03:59:03.829645
2019-02-13 03:58:42.479824,2019-02-13 03:59:02.170911,2019-02-13 03:59:03.830318
2019-02-13 03:58:42.465436,2019-02-13 03:59:02.133355,2019-02-13 03:59:03.933031
2019-02-13 03:58:42.469238,2019-02-13 03:59:02.144454,2019-02-13 03:59:03.934663
2019-02-13 03:59:41.491847,2019-02-13 04:00:01.133459,2019-02-13 04:00:01.492897
2019-02-13 03:59:41.512330,2019-02-13 04:00:01.141966,2019-02-13 04:00:01.797744
2019-02-13 03:59:41.492073,2019-02-13 04:00:01.133626,2019-02-13 04:00:01.899742
2019-02-13 03:59:41.481877,2019-02-13 04:00:01.129611,2019-02-13 04:00:02.003591
2019-02-13 03:59:41.495175,2019-02-13 04:00:01.140591,2019-02-13 04:00:02.096311
2019-02-13 03:59:41.491371,2019-02-13 04:00:01.133138,2019-02-13 04:00:02.097410
2019-02-13 03:59:41.494378,2019-02-13 04:00:01.139887,2019-02-13 04:00:02.098330
2019-02-13 03:59:41.469240,2019-02-13 04:00:01.120572,2019-02-13 04:00:02.099155
2019-02-13 03:59:41.482911,2019-02-13 04:00:01.130666,2019-02-13 04:00:02.099961
2019-02-13 03:59:41.463991,2019-02-13 04:00:01.117745,2019-02-13 04:00:02.100772
2019-02-13 03:59:41.483500,2019-02-13 04:00:01.131150,2019-02-13 04:00:02.101585
2019-02-13 03:59:41.514451,2019-02-13 04:00:01.143833,2019-02-13 04:00:02.102466
2019-02-13 03:59:41.468835,2019-02-13 04:00:01.120354,2019-02-13 04:00:02.189780
2019-02-13 03:59:41.466197,2019-02-13 04:00:01.118947,2019-02-13 04:00:02.190461
2019-02-13 03:59:41.493724,2019-02-13 04:00:01.139552,2019-02-13 04:00:02.190864
2019-02-13 03:59:41.514101,2019-02-13 04:00:01.143589,2019-02-13 04:00:02.191232
2019-02-13 03:59:41.477836,2019-02-13 04:00:01.122628,2019-02-13 04:00:02.191616
2019-02-13 03:59:41.491016,2019-02-13 04:00:01.132975,2019-02-13 04:00:02.192076
2019-02-13 03:59:41.484972,2019-02-13 04:00:01.132133,2019-02-13 04:00:02.192480
2019-02-13 03:59:41.464840,2019-02-13 04:00:01.118185,2019-02-13 04:00:02.198518
2019-02-13 03:59:41.467126,2019-02-13 04:00:01.119336,2019-02-13 04:00:02.282808
2019-02-13 03:59:41.467993,2019-02-13 04:00:01.119952,2019-02-13 04:00:02.284351
2019-02-13 03:59:41.484678,2019-02-13 04:00:01.131964,2019-02-13 04:00:02.285723
2019-02-13 03:59:41.483300,2019-02-13 04:00:01.130991,2019-02-13 04:00:02.286442
2019-02-13 03:59:41.482721,2019-02-13 04:00:01.130491,2019-02-13 04:00:02.287211
2019-02-13 03:59:41.512623,2019-02-13 04:00:01.142204,2019-02-13 04:00:02.287947
2019-02-13 03:59:41.483908,2019-02-13 04:00:01.131482,2019-02-13 04:00:02.288630
2019-02-13 03:59:41.473016,2019-02-13 04:00:01.120776,2019-02-13 04:00:02.301014
2019-02-13 03:59:41.485703,2019-02-13 04:00:01.132741,2019-02-13 04:00:02.301701
2019-02-13 03:59:41.482523,2019-02-13 04:00:01.130228,2019-02-13 04:00:02.395832
2019-02-13 03:59:41.492279,2019-02-13 04:00:01.133804,2019-02-13 04:00:02.396978
2019-02-13 03:59:41.513834,2019-02-13 04:00:01.143355,2019-02-13 04:00:02.397931
2019-02-13 03:59:41.474427,2019-02-13 04:00:01.121322,2019-02-13 04:00:02.398924
2019-02-13 03:59:41.473459,2019-02-13 04:00:01.120957,2019-02-13 04:00:02.399702
2019-02-13 03:59:41.484195,2019-02-13 04:00:01.131642,2019-02-13 04:00:02.400511
2019-02-13 03:59:41.483703,2019-02-13 04:00:01.131319,2019-02-13 04:00:02.401350
2019-02-13 03:59:41.467535,2019-02-13 04:00:01.119565,2019-02-13 04:00:02.403420
2019-02-13 03:59:41.495399,2019-02-13 04:00:01.140826,2019-02-13 04:00:02.486911
2019-02-13 03:59:41.468415,2019-02-13 04:00:01.120166,2019-02-13 04:00:02.487955
2019-02-13 03:59:41.464534,2019-02-13 04:00:01.118048,2019-02-13 04:00:02.488897
2019-02-13 03:59:41.512051,2019-02-13 04:00:01.141715,2019-02-13 04:00:02.489841
2019-02-13 03:59:41.493292,2019-02-13 04:00:01.139181,2019-02-13 04:00:02.490898
2019-02-13 03:59:41.466697,2019-02-13 04:00:01.119148,2019-02-13 04:00:02.491795
2019-02-13 03:59:41.495658,2019-02-13 04:00:01.141028,2019-02-13 04:00:02.492696
2019-02-13 03:59:41.476308,2019-02-13 04:00:01.122036,2019-02-13 04:00:02.505416
2019-02-13 03:59:41.491637,2019-02-13 04:00:01.133301,2019-02-13 04:00:02.505753
2019-02-13 03:59:41.495979,2019-02-13 04:00:01.141283,2019-02-13 04:00:02.587663
2019-02-13 03:59:41.512895,2019-02-13 04:00:01.142482,2019-02-13 04:00:02.588170
2019-02-13 03:59:41.481508,2019-02-13 04:00:01.122974,2019-02-13 04:00:02.588501
2019-02-13 03:59:41.494675,2019-02-13 04:00:01.140102,2019-02-13 04:00:02.588775
2019-02-13 03:59:41.511739,2019-02-13 04:00:01.141500,2019-02-13 04:00:02.589043
2019-02-13 03:59:41.493040,2019-02-13 04:00:01.134581,2019-02-13 04:00:02.589308
2019-02-13 03:59:41.492804,2019-02-13 04:00:01.134352,2019-02-13 04:00:02.589597
2019-02-13 03:59:41.494936,2019-02-13 04:00:01.140352,2019-02-13 04:00:02.608044
2019-02-13 03:59:41.483099,2019-02-13 04:00:01.130833,2019-02-13 04:00:02.608494
2019-02-13 03:59:41.492552,2019-02-13 04:00:01.134069,2019-02-13 04:00:02.690074
2019-02-13 03:59:41.493981,2019-02-13 04:00:01.139711,2019-02-13 04:00:02.690585
2019-02-13 03:59:41.474864,2019-02-13 04:00:01.121504,2019-02-13 04:00:02.690940
2019-02-13 03:59:41.513352,2019-02-13 04:00:01.142939,2019-02-13 04:00:02.691217
2019-02-13 03:59:41.482324,2019-02-13 04:00:01.130060,2019-02-13 04:00:02.691483
2019-02-13 03:59:41.484442,2019-02-13 04:00:01.131798,2019-02-13 04:00:02.691758
2019-02-13 03:59:41.473925,2019-02-13 04:00:01.121137,2019-02-13 04:00:02.692189
2019-02-13 03:59:41.477350,2019-02-13 04:00:01.122446,2019-02-13 04:00:02.710683
2019-02-13 03:59:41.485447,2019-02-13 04:00:01.132563,2019-02-13 04:00:02.711089
2019-02-13 03:59:41.493522,2019-02-13 04:00:01.139384,2019-02-13 04:00:02.906747
2019-02-13 03:59:41.475848,2019-02-13 04:00:01.121856,2019-02-13 04:00:03.019287
2019-02-13 03:59:41.481184,2019-02-13 04:00:01.122801,2019-02-13 04:00:03.121477
2019-02-13 03:59:41.475358,2019-02-13 04:00:01.121679,2019-02-13 04:00:03.123503
2019-02-13 03:59:41.482090,2019-02-13 04:00:01.129885,2019-02-13 04:00:03.125194
2019-02-13 03:59:41.465323,2019-02-13 04:00:01.118485,2019-02-13 04:00:03.126885
2019-02-13 03:59:41.476850,2019-02-13 04:00:01.122210,2019-02-13 04:00:03.128498
2019-02-13 03:59:41.513594,2019-02-13 04:00:01.143158,2019-02-13 04:00:03.130089
2019-02-13 03:59:41.465755,2019-02-13 04:00:01.118729,2019-02-13 04:00:03.131964
2019-02-13 03:59:41.513126,2019-02-13 04:00:01.142706,2019-02-13 04:00:03.223523
2019-02-13 03:59:41.485190,2019-02-13 04:00:01.132356,2019-02-13 04:00:03.225292
2019-02-13 04:00:40.399832,2019-02-13 04:01:00.076982,2019-02-13 04:01:00.270989
2019-02-13 04:00:40.405333,2019-02-13 04:01:00.077942,2019-02-13 04:01:00.371626
2019-02-13 04:00:40.398231,2019-02-13 04:01:00.075421,2019-02-13 04:01:00.474655
2019-02-13 04:00:40.396194,2019-02-13 04:01:00.066951,2019-02-13 04:01:00.567887
2019-02-13 04:00:40.396392,2019-02-13 04:01:00.067577,2019-02-13 04:01:00.568424
2019-02-13 04:00:40.399120,2019-02-13 04:01:00.076318,2019-02-13 04:01:00.568744
2019-02-13 04:00:40.398019,2019-02-13 04:01:00.075193,2019-02-13 04:01:00.569031
2019-02-13 04:00:40.407504,2019-02-13 04:01:00.088958,2019-02-13 04:01:00.569333
2019-02-13 04:00:40.400438,2019-02-13 04:01:00.077709,2019-02-13 04:01:00.569615
2019-02-13 04:00:40.395975,2019-02-13 04:01:00.066233,2019-02-13 04:01:00.669835
2019-02-13 04:00:40.423460,2019-02-13 04:01:00.132596,2019-02-13 04:01:00.883808
2019-02-13 04:00:40.397646,2019-02-13 04:01:00.074966,2019-02-13 04:01:01.083511
2019-02-13 04:00:40.408090,2019-02-13 04:01:00.089591,2019-02-13 04:01:01.084240
2019-02-13 04:00:40.409825,2019-02-13 04:01:00.092007,2019-02-13 04:01:01.084679
2019-02-13 04:00:40.419429,2019-02-13 04:01:00.097194,2019-02-13 04:01:01.085143
2019-02-13 04:00:40.419164,2019-02-13 04:01:00.092493,2019-02-13 04:01:01.085591
2019-02-13 04:00:40.406789,2019-02-13 04:01:00.088155,2019-02-13 04:01:01.086039
2019-02-13 04:00:40.408311,2019-02-13 04:01:00.089873,2019-02-13 04:01:01.086644
2019-02-13 04:00:40.422188,2019-02-13 04:01:00.100557,2019-02-13 04:01:01.169662
2019-02-13 04:00:40.421004,2019-02-13 04:01:00.099058,2019-02-13 04:01:01.170142
2019-02-13 04:00:40.397417,2019-02-13 04:01:00.074730,2019-02-13 04:01:01.170506
2019-02-13 04:00:40.396600,2019-02-13 04:01:00.068212,2019-02-13 04:01:01.170777
2019-02-13 04:00:40.407155,2019-02-13 04:01:00.088571,2019-02-13 04:01:01.171041
2019-02-13 04:00:40.460068,2019-02-13 04:01:00.133902,2019-02-13 04:01:01.171302
2019-02-13 04:00:40.395379,2019-02-13 04:01:00.064454,2019-02-13 04:01:01.171566
2019-02-13 04:00:40.406961,2019-02-13 04:01:00.088370,2019-02-13 04:01:01.182058
2019-02-13 04:00:40.397009,2019-02-13 04:01:00.074159,2019-02-13 04:01:01.284747
2019-02-13 04:00:40.395774,2019-02-13 04:01:00.065577,2019-02-13 04:01:01.285301
2019-02-13 04:00:40.460594,2019-02-13 04:01:00.134526,2019-02-13 04:01:01.285623
2019-02-13 04:00:40.398916,2019-02-13 04:01:00.076081,2019-02-13 04:01:01.285904
2019-02-13 04:00:40.399633,2019-02-13 04:01:00.076755,2019-02-13 04:01:01.286183
2019-02-13 04:00:40.420012,2019-02-13 04:01:00.097966,2019-02-13 04:01:01.286560
2019-02-13 04:00:40.419814,2019-02-13 04:01:00.097718,2019-02-13 04:01:01.448933
2019-02-13 04:00:40.398709,2019-02-13 04:01:00.075865,2019-02-13 04:01:01.536349
2019-02-13 04:00:40.423246,2019-02-13 04:01:00.102054,2019-02-13 04:01:01.591682
2019-02-13 04:00:40.405555,2019-02-13 04:01:00.078192,2019-02-13 04:01:01.592276
2019-02-13 04:00:40.405965,2019-02-13 04:01:00.078755,2019-02-13 04:01:01.592655
2019-02-13 04:00:40.407725,2019-02-13 04:01:00.089171,2019-02-13 04:01:01.593052
2019-02-13 04:00:40.406153,2019-02-13 04:01:00.079045,2019-02-13 04:01:01.694194
2019-02-13 04:00:40.420221,2019-02-13 04:01:00.098300,2019-02-13 04:01:01.694748
2019-02-13 04:00:40.421481,2019-02-13 04:01:00.099619,2019-02-13 04:01:01.695081
2019-02-13 04:00:40.423886,2019-02-13 04:01:00.133445,2019-02-13 04:01:01.695348
2019-02-13 04:00:40.420464,2019-02-13 04:01:00.098542,2019-02-13 04:01:01.695610
2019-02-13 04:00:40.407903,2019-02-13 04:01:00.089387,2019-02-13 04:01:01.695872
2019-02-13 04:00:40.407335,2019-02-13 04:01:00.088767,2019-02-13 04:01:01.696153
2019-02-13 04:00:40.395556,2019-02-13 04:01:00.064910,2019-02-13 04:01:01.787181
2019-02-13 04:00:40.409158,2019-02-13 04:01:00.091262,2019-02-13 04:01:01.788447
2019-02-13 04:00:40.409366,2019-02-13 04:01:00.091522,2019-02-13 04:01:01.789442
2019-02-13 04:00:40.394993,2019-02-13 04:01:00.063758,2019-02-13 04:01:01.790369
2019-02-13 04:00:40.422434,2019-02-13 04:01:00.100828,2019-02-13 04:01:01.790944
2019-02-13 04:00:40.421277,2019-02-13 04:01:00.099326,2019-02-13 04:01:01.791494
2019-02-13 04:00:40.420664,2019-02-13 04:01:00.098807,2019-02-13 04:01:01.792084
2019-02-13 04:00:40.408955,2019-02-13 04:01:00.090941,2019-02-13 04:01:01.796303
2019-02-13 04:00:40.409615,2019-02-13 04:01:00.091791,2019-02-13 04:01:01.876918
2019-02-13 04:00:40.423020,2019-02-13 04:01:00.101754,2019-02-13 04:01:01.878082
2019-02-13 04:00:40.406438,2019-02-13 04:01:00.087712,2019-02-13 04:01:01.879133
2019-02-13 04:00:40.396809,2019-02-13 04:01:00.068836,2019-02-13 04:01:01.880209
2019-02-13 04:00:40.422604,2019-02-13 04:01:00.101159,2019-02-13 04:01:01.881181
2019-02-13 04:00:40.419624,2019-02-13 04:01:00.097475,2019-02-13 04:01:01.882218
2019-02-13 04:00:40.397213,2019-02-13 04:01:00.074494,2019-02-13 04:01:01.883335
2019-02-13 04:00:40.399296,2019-02-13 04:01:00.076538,2019-02-13 04:01:01.898464
2019-02-13 04:00:40.398496,2019-02-13 04:01:00.075643,2019-02-13 04:01:01.899609
2019-02-13 04:00:40.460313,2019-02-13 04:01:00.134135,2019-02-13 04:01:01.987568
2019-02-13 04:00:40.400023,2019-02-13 04:01:00.077202,2019-02-13 04:01:01.988381
2019-02-13 04:00:40.459681,2019-02-13 04:01:00.133674,2019-02-13 04:01:01.989197
2019-02-13 04:00:40.400232,2019-02-13 04:01:00.077422,2019-02-13 04:01:01.989754
2019-02-13 04:00:40.406617,2019-02-13 04:01:00.087949,2019-02-13 04:01:01.990366
2019-02-13 04:00:40.421988,2019-02-13 04:01:00.100260,2019-02-13 04:01:01.990858
2019-02-13 04:00:40.410054,2019-02-13 04:01:00.092213,2019-02-13 04:01:01.991430
2019-02-13 04:00:40.408519,2019-02-13 04:01:00.090223,2019-02-13 04:01:02.000654
2019-02-13 04:00:40.422842,2019-02-13 04:01:00.101441,2019-02-13 04:01:02.001134
2019-02-13 04:00:40.421727,2019-02-13 04:01:00.099993,2019-02-13 04:01:02.104130
2019-02-13 04:00:40.423657,2019-02-13 04:01:00.133034,2019-02-13 04:01:02.105697
2019-02-13 04:00:40.408753,2019-02-13 04:01:00.090621,2019-02-13 04:01:02.107045
2019-02-13 04:00:40.405771,2019-02-13 04:01:00.078494,2019-02-13 04:01:02.108347
2019-02-13 04:01:39.392158,2019-02-13 04:01:59.025940,2019-02-13 04:01:59.258962
2019-02-13 04:01:39.392345,2019-02-13 04:01:59.026351,2019-02-13 04:01:59.354191
2019-02-13 04:01:39.399803,2019-02-13 04:01:59.037934,2019-02-13 04:01:59.448233
2019-02-13 04:01:39.391981,2019-02-13 04:01:59.025586,2019-02-13 04:01:59.551261
2019-02-13 04:01:39.393827,2019-02-13 04:01:59.035342,2019-02-13 04:01:59.552691
2019-02-13 04:01:39.390661,2019-02-13 04:01:59.022917,2019-02-13 04:01:59.553969
2019-02-13 04:01:39.395697,2019-02-13 04:01:59.037153,2019-02-13 04:01:59.555400
2019-02-13 04:01:39.394241,2019-02-13 04:01:59.035733,2019-02-13 04:01:59.638532
2019-02-13 04:01:39.394026,2019-02-13 04:01:59.035539,2019-02-13 04:01:59.639653
2019-02-13 04:01:39.412794,2019-02-13 04:01:59.096700,2019-02-13 04:01:59.640646
2019-02-13 04:01:39.410627,2019-02-13 04:01:59.068747,2019-02-13 04:01:59.641611
2019-02-13 04:01:39.411699,2019-02-13 04:01:59.069757,2019-02-13 04:01:59.642687
2019-02-13 04:01:39.412414,2019-02-13 04:01:59.096080,2019-02-13 04:01:59.643236
2019-02-13 04:01:39.395336,2019-02-13 04:01:59.036717,2019-02-13 04:01:59.643784
2019-02-13 04:01:39.392897,2019-02-13 04:01:59.027388,2019-02-13 04:01:59.652540
2019-02-13 04:01:39.409648,2019-02-13 04:01:59.067343,2019-02-13 04:01:59.653487
2019-02-13 04:01:39.399624,2019-02-13 04:01:59.037740,2019-02-13 04:01:59.755785
2019-02-13 04:01:39.392527,2019-02-13 04:01:59.026715,2019-02-13 04:02:00.071731
2019-02-13 04:01:39.402451,2019-02-13 04:01:59.064993,2019-02-13 04:02:00.166645
2019-02-13 04:01:39.402799,2019-02-13 04:01:59.065493,2019-02-13 04:02:00.167785
2019-02-13 04:01:39.393618,2019-02-13 04:01:59.035142,2019-02-13 04:02:00.168730
2019-02-13 04:01:39.400328,2019-02-13 04:01:59.038652,2019-02-13 04:02:00.169653
2019-02-13 04:01:39.402173,2019-02-13 04:01:59.048047,2019-02-13 04:02:00.170643
2019-02-13 04:01:39.403697,2019-02-13 04:01:59.066493,2019-02-13 04:02:00.171572
2019-02-13 04:01:39.390367,2019-02-13 04:01:59.022463,2019-02-13 04:02:00.172486
2019-02-13 04:01:39.400674,2019-02-13 04:01:59.039116,2019-02-13 04:02:00.260611
2019-02-13 04:01:39.391049,2019-02-13 04:01:59.023648,2019-02-13 04:02:00.262592
2019-02-13 04:01:39.391784,2019-02-13 04:01:59.025161,2019-02-13 04:02:00.264471
2019-02-13 04:01:39.399425,2019-02-13 04:01:59.037558,2019-02-13 04:02:00.266680
2019-02-13 04:01:39.391603,2019-02-13 04:01:59.024800,2019-02-13 04:02:00.267763
2019-02-13 04:01:39.391234,2019-02-13 04:01:59.024057,2019-02-13 04:02:00.268130
2019-02-13 04:01:39.409848,2019-02-13 04:01:59.067621,2019-02-13 04:02:00.268479
2019-02-13 04:01:39.403227,2019-02-13 04:01:59.065879,2019-02-13 04:02:00.268827
2019-02-13 04:01:39.402978,2019-02-13 04:01:59.065688,2019-02-13 04:02:00.368519
2019-02-13 04:01:39.410312,2019-02-13 04:01:59.068170,2019-02-13 04:02:00.370328
2019-02-13 04:01:39.399169,2019-02-13 04:01:59.037368,2019-02-13 04:02:00.371132
2019-02-13 04:01:39.400156,2019-02-13 04:01:59.038415,2019-02-13 04:02:00.371826
2019-02-13 04:01:39.390831,2019-02-13 04:01:59.023200,2019-02-13 04:02:00.372584
2019-02-13 04:01:39.403435,2019-02-13 04:01:59.066076,2019-02-13 04:02:00.373273
2019-02-13 04:01:39.411921,2019-02-13 04:01:59.069964,2019-02-13 04:02:00.373990
2019-02-13 04:01:39.393436,2019-02-13 04:01:59.034949,2019-02-13 04:02:00.374774
2019-02-13 04:01:39.410469,2019-02-13 04:01:59.068449,2019-02-13 04:02:00.452092
2019-02-13 04:01:39.392710,2019-02-13 04:01:59.027056,2019-02-13 04:02:00.452666
2019-02-13 04:01:39.410056,2019-02-13 04:01:59.067925,2019-02-13 04:02:00.453030
2019-02-13 04:01:39.404005,2019-02-13 04:01:59.066715,2019-02-13 04:02:00.453313
2019-02-13 04:01:39.395512,2019-02-13 04:01:59.036944,2019-02-13 04:02:00.453589
2019-02-13 04:01:39.393080,2019-02-13 04:01:59.027740,2019-02-13 04:02:00.453972
2019-02-13 04:01:39.402626,2019-02-13 04:01:59.065302,2019-02-13 04:02:00.454370
2019-02-13 04:01:39.412626,2019-02-13 04:01:59.096420,2019-02-13 04:02:00.471835
2019-02-13 04:01:39.413212,2019-02-13 04:01:59.097155,2019-02-13 04:02:00.788684
2019-02-13 04:01:39.393260,2019-02-13 04:01:59.034738,2019-02-13 04:02:00.889627
2019-02-13 04:01:39.399976,2019-02-13 04:01:59.038134,2019-02-13 04:02:00.978537
2019-02-13 04:01:39.401045,2019-02-13 04:01:59.043483,2019-02-13 04:02:00.979184
2019-02-13 04:01:39.391422,2019-02-13 04:01:59.024427,2019-02-13 04:02:00.979567
2019-02-13 04:01:39.400499,2019-02-13 04:01:59.038883,2019-02-13 04:02:00.979892
2019-02-13 04:01:39.401279,2019-02-13 04:01:59.044766,2019-02-13 04:02:00.980202
2019-02-13 04:01:39.394923,2019-02-13 04:01:59.036336,2019-02-13 04:02:00.980529
2019-02-13 04:01:39.410814,2019-02-13 04:01:59.068947,2019-02-13 04:02:00.980826
2019-02-13 04:01:39.400850,2019-02-13 04:01:59.039382,2019-02-13 04:02:00.983522
2019-02-13 04:01:39.414075,2019-02-13 04:01:59.098539,2019-02-13 04:02:01.407864
2019-02-13 04:01:39.401510,2019-02-13 04:01:59.045660,2019-02-13 04:02:02.124360
2019-02-13 04:01:39.394737,2019-02-13 04:01:59.036138,2019-02-13 04:02:02.326680
2019-02-13 04:01:39.411470,2019-02-13 04:01:59.069534,2019-02-13 04:02:02.427717
2019-02-13 04:01:39.401962,2019-02-13 04:01:59.047302,2019-02-13 04:02:02.530494
2019-02-13 04:01:39.413872,2019-02-13 04:01:59.098040,2019-02-13 04:02:02.632742
2019-02-13 04:01:39.409336,2019-02-13 04:01:59.066959,2019-02-13 04:02:02.736003
2019-02-13 04:01:39.411257,2019-02-13 04:01:59.069324,2019-02-13 04:02:02.827716
2019-02-13 04:01:39.395135,2019-02-13 04:01:59.036524,2019-02-13 04:02:02.828199
2019-02-13 04:01:39.413690,2019-02-13 04:01:59.097739,2019-02-13 04:02:02.828506
2019-02-13 04:01:39.411053,2019-02-13 04:01:59.069163,2019-02-13 04:02:02.828777
2019-02-13 04:01:39.412164,2019-02-13 04:01:59.095771,2019-02-13 04:02:02.829042
2019-02-13 04:01:39.413457,2019-02-13 04:01:59.097487,2019-02-13 04:02:02.829303
2019-02-13 04:01:39.412993,2019-02-13 04:01:59.096909,2019-02-13 04:02:02.829623
2019-02-13 04:01:39.401734,2019-02-13 04:01:59.046484,2019-02-13 04:02:02.929955
2019-02-13 04:01:39.394523,2019-02-13 04:01:59.035931,2019-02-13 04:02:02.930475
