timestamp1,Hora,timestamp2,Hpaso21,Hpaso22
2019-01-23 12:14:42.334148,2019-01-23 12:15:02.768,2019-01-23 12:15:02.570700,,
2019-01-23 12:14:42.328608,2019-01-23 12:15:02.772,2019-01-23 12:15:02.564652,,
2019-01-23 12:14:42.444127,2019-01-23 12:15:02.769,2019-01-23 12:15:02.584107,,
2019-01-23 12:14:42.452056,2019-01-23 12:15:02.869,2019-01-23 12:15:02.633057,,
2019-01-23 12:14:42.331277,2019-01-23 12:15:02.887,2019-01-23 12:15:02.569235,,
2019-01-23 12:14:42.336075,2019-01-23 12:15:02.870,2019-01-23 12:15:02.577325,,
2019-01-23 12:14:42.335575,2019-01-23 12:15:02.873,2019-01-23 12:15:02.572111,,
2019-01-23 12:14:42.445000,2019-01-23 12:15:02.882,2019-01-23 12:15:02.585104,,
2019-01-23 12:14:42.452868,2019-01-23 12:15:02.882,2019-01-23 12:15:02.634396,,
2019-01-23 12:14:42.443015,2019-01-23 12:15:02.876,2019-01-23 12:15:02.581370,,
2019-01-23 12:14:42.329766,2019-01-23 12:15:02.976,2019-01-23 12:15:02.568159,,
2019-01-23 12:14:42.481146,2019-01-23 12:15:02.977,2019-01-23 12:15:02.673955,,
2019-01-23 12:14:42.327067,2019-01-23 12:15:02.975,2019-01-23 12:15:02.561747,,
2019-01-23 12:14:42.445260,2019-01-23 12:15:02.971,2019-01-23 12:15:02.585391,,
2019-01-23 12:14:42.329219,2019-01-23 12:15:02.973,2019-01-23 12:15:02.565651,,
2019-01-23 12:14:42.327979,2019-01-23 12:15:02.971,2019-01-23 12:15:02.563453,,
2019-01-23 12:14:42.334710,2019-01-23 12:15:02.971,2019-01-23 12:15:02.571319,,
2019-01-23 12:14:42.443590,2019-01-23 12:15:03.760,2019-01-23 12:15:02.582047,,
2019-01-23 12:14:42.336591,2019-01-23 12:15:02.676,2019-01-23 12:15:02.578087,,
2019-01-23 12:14:42.483808,2019-01-23 12:15:03.375,2019-01-23 12:15:02.676557,,
2019-01-23 12:14:42.485949,2019-01-23 12:15:03.373,2019-01-23 12:15:02.715159,,
2019-01-23 12:14:42.444748,2019-01-23 12:15:03.279,2019-01-23 12:15:02.584814,,
2019-01-23 12:14:42.451794,2019-01-23 12:15:03.276,2019-01-23 12:15:02.632435,,
2019-01-23 12:14:42.333846,2019-01-23 12:15:03.935,2019-01-23 12:15:02.570413,,
2019-01-23 12:14:42.441982,2019-01-23 12:15:03.275,2019-01-23 12:15:02.579851,,
2019-01-23 12:14:42.335309,2019-01-23 12:15:03.273,2019-01-23 12:15:02.571835,,
2019-01-23 12:14:42.453688,2019-01-23 12:15:03.273,2019-01-23 12:15:02.635522,,
2019-01-23 12:14:42.333310,2019-01-23 12:15:03.194,2019-01-23 12:15:02.569750,,
2019-01-23 12:14:42.440914,2019-01-23 12:15:03.176,2019-01-23 12:15:02.579043,,
2019-01-23 12:14:42.325977,2019-01-23 12:15:03.179,2019-01-23 12:15:02.560018,,
2019-01-23 12:14:42.441443,2019-01-23 12:15:03.176,2019-01-23 12:15:02.579311,,
2019-01-23 12:14:42.455176,2019-01-23 12:15:03.173,2019-01-23 12:15:02.636931,,
2019-01-23 12:14:42.443866,2019-01-23 12:15:03.173,2019-01-23 12:15:02.582347,,
2019-01-23 12:14:42.455502,2019-01-23 12:15:03.172,2019-01-23 12:15:02.637289,,
2019-01-23 12:14:42.451522,2019-01-23 12:15:03.172,2019-01-23 12:15:02.586657,,
2019-01-23 12:14:42.453152,2019-01-23 12:15:03.172,2019-01-23 12:15:02.634693,,
2019-01-23 12:14:42.444490,2019-01-23 12:15:03.163,2019-01-23 12:15:02.584519,,
2019-01-23 12:14:42.326485,2019-01-23 12:15:03.87,2019-01-23 12:15:02.560763,,
2019-01-23 12:14:42.453427,2019-01-23 12:15:03.77,2019-01-23 12:15:02.635182,,
2019-01-23 12:14:42.452319,2019-01-23 12:15:03.84,2019-01-23 12:15:02.633546,,
2019-01-23 12:14:42.332863,2019-01-23 12:15:03.85,2019-01-23 12:15:02.569496,,
2019-01-23 12:14:42.326759,2019-01-23 12:15:03.83,2019-01-23 12:15:02.561245,,
2019-01-23 12:14:42.329479,2019-01-23 12:15:03.75,2019-01-23 12:15:02.567828,,
2019-01-23 12:14:42.328920,2019-01-23 12:15:03.74,2019-01-23 12:15:02.565144,,
2019-01-23 12:14:42.454887,2019-01-23 12:15:03.71,2019-01-23 12:15:02.636581,,
2019-01-23 12:14:42.482402,2019-01-23 12:15:03.71,2019-01-23 12:15:02.674462,,
2019-01-23 12:14:42.484923,2019-01-23 12:15:04.510,2019-01-23 12:15:02.678521,,
2019-01-23 12:14:42.330799,2019-01-23 12:15:04.483,2019-01-23 12:15:02.568977,,
2019-01-23 12:14:42.327681,2019-01-23 12:15:04.456,2019-01-23 12:15:02.562809,,
2019-01-23 12:14:42.330050,2019-01-23 12:15:04.343,2019-01-23 12:15:02.568454,,
2019-01-23 12:14:42.328297,2019-01-23 12:15:04.319,2019-01-23 12:15:02.564104,,
2019-01-23 12:14:42.334964,2019-01-23 12:15:04.160,2019-01-23 12:15:02.571588,,
2019-01-23 12:14:42.333585,2019-01-23 12:15:04.133,2019-01-23 12:15:02.570115,,
2019-01-23 12:14:42.442252,2019-01-23 12:15:04.108,2019-01-23 12:15:02.580292,,
2019-01-23 12:14:42.337660,2019-01-23 12:15:04.75,2019-01-23 12:15:02.578729,,
2019-01-23 12:14:42.483352,2019-01-23 12:15:04.44,2019-01-23 12:15:02.674804,,
2019-01-23 12:14:42.544557,2019-01-23 12:15:03.989,2019-01-23 12:15:02.715447,,
2019-01-23 12:14:42.453954,2019-01-23 12:15:03.833,2019-01-23 12:15:02.635842,,
2019-01-23 12:14:42.442512,2019-01-23 12:15:03.810,2019-01-23 12:15:02.580707,,
2019-01-23 12:14:42.442765,2019-01-23 12:15:03.783,2019-01-23 12:15:02.581084,,
2019-01-23 12:14:42.336323,2019-01-23 12:15:05.320,2019-01-23 12:15:02.577731,,
2019-01-23 12:14:42.454556,2019-01-23 12:15:05.258,2019-01-23 12:15:02.636258,,
2019-01-23 12:14:42.330483,2019-01-23 12:15:05.235,2019-01-23 12:15:02.568711,,
2019-01-23 12:14:42.327374,2019-01-23 12:15:05.207,2019-01-23 12:15:02.562240,,
2019-01-23 12:14:42.337302,2019-01-23 12:15:04.563,2019-01-23 12:15:02.578424,,
2019-01-23 12:14:42.445773,2019-01-23 12:15:05.520,2019-01-23 12:15:02.585795,,
2019-01-23 12:14:42.451157,2019-01-23 12:15:05.413,2019-01-23 12:15:02.586260,,
2019-01-23 12:14:42.334435,2019-01-23 12:15:05.688,2019-01-23 12:15:02.571020,,
2019-01-23 12:14:42.452603,2019-01-23 12:15:05.754,2019-01-23 12:15:02.634024,,
2019-01-23 12:14:42.443319,2019-01-23 12:15:05.782,2019-01-23 12:15:02.581666,,
2019-01-23 12:14:42.485629,2019-01-23 12:15:05.827,2019-01-23 12:15:02.714844,,
2019-01-23 12:14:42.485329,2019-01-23 12:15:05.855,2019-01-23 12:15:02.714343,,
2019-01-23 12:14:42.484570,2019-01-23 12:15:05.930,2019-01-23 12:15:02.677470,,
2019-01-23 12:14:42.441707,2019-01-23 12:15:05.974,2019-01-23 12:15:02.579571,,
2019-01-23 12:14:42.335819,2019-01-23 12:15:06.238,2019-01-23 12:15:02.576637,,
2019-01-23 12:15:43.067282,2019-01-23 12:16:03.311,2019-01-23 12:16:03.151618,,
2019-01-23 12:15:43.067640,2019-01-23 12:16:03.410,2019-01-23 12:16:03.151885,,
2019-01-23 12:15:43.055663,2019-01-23 12:16:03.731,2019-01-23 12:16:03.141758,,
2019-01-23 12:15:43.123149,2019-01-23 12:16:03.823,2019-01-23 12:16:03.186038,,
2019-01-23 12:15:43.079243,2019-01-23 12:16:04.46,2019-01-23 12:16:03.162853,,
2019-01-23 12:15:43.078667,2019-01-23 12:16:03.425,2019-01-23 12:16:03.154276,,
2019-01-23 12:15:43.058074,2019-01-23 12:16:03.433,2019-01-23 12:16:03.143982,,
2019-01-23 12:15:43.059160,2019-01-23 12:16:03.418,2019-01-23 12:16:03.144984,,
2019-01-23 12:15:43.066993,2019-01-23 12:16:03.416,2019-01-23 12:16:03.151361,,
2019-01-23 12:15:43.066469,2019-01-23 12:16:03.414,2019-01-23 12:16:03.150756,,
2019-01-23 12:15:43.058347,2019-01-23 12:16:03.414,2019-01-23 12:16:03.144231,,
2019-01-23 12:15:43.060028,2019-01-23 12:16:03.414,2019-01-23 12:16:03.145748,,
2019-01-23 12:15:43.058895,2019-01-23 12:16:03.410,2019-01-23 12:16:03.144733,,
2019-01-23 12:15:43.057002,2019-01-23 12:16:03.412,2019-01-23 12:16:03.142986,,
2019-01-23 12:15:43.080676,2019-01-23 12:16:03.412,2019-01-23 12:16:03.164168,,
2019-01-23 12:15:43.059736,2019-01-23 12:16:03.412,2019-01-23 12:16:03.145492,,
2019-01-23 12:15:43.065923,2019-01-23 12:16:03.410,2019-01-23 12:16:03.150267,,
2019-01-23 12:15:43.122885,2019-01-23 12:16:03.410,2019-01-23 12:16:03.185714,,
2019-01-23 12:15:43.067941,2019-01-23 12:16:03.518,2019-01-23 12:16:03.152147,,
2019-01-23 12:15:43.066209,2019-01-23 12:16:03.516,2019-01-23 12:16:03.150508,,
2019-01-23 12:15:43.080107,2019-01-23 12:16:03.516,2019-01-23 12:16:03.163661,,
2019-01-23 12:15:43.079801,2019-01-23 12:16:03.516,2019-01-23 12:16:03.163381,,
2019-01-23 12:15:43.065111,2019-01-23 12:16:03.516,2019-01-23 12:16:03.149524,,
2019-01-23 12:15:43.064581,2019-01-23 12:16:03.471,2019-01-23 12:16:03.149021,,
2019-01-23 12:15:43.107383,2019-01-23 12:16:03.823,2019-01-23 12:16:03.183063,,
2019-01-23 12:15:43.078379,2019-01-23 12:16:03.823,2019-01-23 12:16:03.154017,,
2019-01-23 12:15:43.104616,2019-01-23 12:16:04.116,2019-01-23 12:16:03.165725,,
2019-01-23 12:15:43.122257,2019-01-23 12:16:04.06,2019-01-23 12:16:03.185200,,
2019-01-23 12:15:43.055939,2019-01-23 12:16:04.195,2019-01-23 12:16:03.142001,,
2019-01-23 12:15:43.056739,2019-01-23 12:16:03.518,2019-01-23 12:16:03.142731,,
2019-01-23 12:15:43.057260,2019-01-23 12:16:04.239,2019-01-23 12:16:03.143238,,
2019-01-23 12:15:43.056482,2019-01-23 12:16:04.376,2019-01-23 12:16:03.142491,,
2019-01-23 12:15:43.055420,2019-01-23 12:16:04.425,2019-01-23 12:16:03.141550,,
2019-01-23 12:15:43.106829,2019-01-23 12:16:04.239,2019-01-23 12:16:03.182524,,
2019-01-23 12:15:43.106541,2019-01-23 12:16:04.480,2019-01-23 12:16:03.182172,,
2019-01-23 12:15:43.079518,2019-01-23 12:16:03.728,2019-01-23 12:16:03.163121,,
2019-01-23 12:15:43.060300,2019-01-23 12:16:04.428,2019-01-23 12:16:03.145996,,
2019-01-23 12:15:43.065647,2019-01-23 12:16:03.725,2019-01-23 12:16:03.150028,,
2019-01-23 12:15:43.077310,2019-01-23 12:16:04.378,2019-01-23 12:16:03.152969,,
2019-01-23 12:15:43.066739,2019-01-23 12:16:03.672,2019-01-23 12:16:03.151065,,
2019-01-23 12:15:43.105695,2019-01-23 12:16:03.623,2019-01-23 12:16:03.166534,,
2019-01-23 12:15:43.057516,2019-01-23 12:16:03.624,2019-01-23 12:16:03.143480,,
2019-01-23 12:15:43.064848,2019-01-23 12:16:03.623,2019-01-23 12:16:03.149258,,
2019-01-23 12:15:43.107101,2019-01-23 12:16:03.623,2019-01-23 12:16:03.182813,,
2019-01-23 12:15:43.108517,2019-01-23 12:16:03.624,2019-01-23 12:16:03.183898,,
2019-01-23 12:15:43.059428,2019-01-23 12:16:03.518,2019-01-23 12:16:03.145238,,
2019-01-23 12:15:43.109158,2019-01-23 12:16:03.531,2019-01-23 12:16:03.184483,,
2019-01-23 12:15:43.108784,2019-01-23 12:16:03.518,2019-01-23 12:16:03.184173,,
2019-01-23 12:15:43.068214,2019-01-23 12:16:04.334,2019-01-23 12:16:03.152403,,
2019-01-23 12:15:43.064324,2019-01-23 12:16:03.520,2019-01-23 12:16:03.148768,,
2019-01-23 12:15:43.105371,2019-01-23 12:16:03.523,2019-01-23 12:16:03.166273,,
2019-01-23 12:15:43.054952,2019-01-23 12:16:03.520,2019-01-23 12:16:03.141133,,
2019-01-23 12:15:43.108205,2019-01-23 12:16:03.526,2019-01-23 12:16:03.183570,,
2019-01-23 12:15:43.105970,2019-01-23 12:16:04.284,2019-01-23 12:16:03.166790,,
2019-01-23 12:15:43.077594,2019-01-23 12:16:05.126,2019-01-23 12:16:03.153271,,
2019-01-23 12:15:43.081497,2019-01-23 12:16:05.39,2019-01-23 12:16:03.164892,,
2019-01-23 12:15:43.105015,2019-01-23 12:16:04.844,2019-01-23 12:16:03.166012,,
2019-01-23 12:15:43.063403,2019-01-23 12:16:04.804,2019-01-23 12:16:03.146248,,
2019-01-23 12:15:43.123655,2019-01-23 12:16:04.778,2019-01-23 12:16:03.186313,,
2019-01-23 12:15:43.063814,2019-01-23 12:16:04.776,2019-01-23 12:16:03.146508,,
2019-01-23 12:15:43.080960,2019-01-23 12:16:04.657,2019-01-23 12:16:03.164588,,
2019-01-23 12:15:43.081809,2019-01-23 12:16:04.610,2019-01-23 12:16:03.165333,,
2019-01-23 12:15:43.078114,2019-01-23 12:16:04.609,2019-01-23 12:16:03.153774,,
2019-01-23 12:15:43.076980,2019-01-23 12:16:05.325,2019-01-23 12:16:03.152704,,
2019-01-23 12:15:43.058613,2019-01-23 12:16:05.148,2019-01-23 12:16:03.144479,,
2019-01-23 12:15:43.106254,2019-01-23 12:16:05.396,2019-01-23 12:16:03.167159,,
2019-01-23 12:15:43.057782,2019-01-23 12:16:05.472,2019-01-23 12:16:03.143735,,
2019-01-23 12:15:43.077853,2019-01-23 12:16:05.500,2019-01-23 12:16:03.153520,,
2019-01-23 12:15:43.121874,2019-01-23 12:16:05.544,2019-01-23 12:16:03.184880,,
2019-01-23 12:15:43.078964,2019-01-23 12:16:05.585,2019-01-23 12:16:03.162357,,
2019-01-23 12:15:43.080397,2019-01-23 12:16:05.605,2019-01-23 12:16:03.163916,,
2019-01-23 12:15:43.122590,2019-01-23 12:16:05.628,2019-01-23 12:16:03.185464,,
2019-01-23 12:15:43.064075,2019-01-23 12:16:05.670,2019-01-23 12:16:03.148467,,
2019-01-23 12:15:43.065373,2019-01-23 12:16:05.694,2019-01-23 12:16:03.149783,,
2019-01-23 12:15:43.056222,2019-01-23 12:16:05.738,2019-01-23 12:16:03.142246,,
2019-01-23 12:16:43.378080,2019-01-23 12:17:03.788,2019-01-23 12:17:03.622544,,
2019-01-23 12:16:43.382072,2019-01-23 12:17:03.788,2019-01-23 12:17:03.626589,,
2019-01-23 12:16:43.598796,2019-01-23 12:17:03.790,2019-01-23 12:17:03.688537,,
2019-01-23 12:16:43.381133,2019-01-23 12:17:03.893,2019-01-23 12:17:03.625599,,
2019-01-23 12:16:43.489994,2019-01-23 12:17:03.905,2019-01-23 12:17:03.643896,,
2019-01-23 12:16:43.600951,2019-01-23 12:17:03.901,2019-01-23 12:17:03.690325,,
2019-01-23 12:16:43.408968,2019-01-23 12:17:04.50,2019-01-23 12:17:03.634520,,
2019-01-23 12:16:43.489615,2019-01-23 12:17:03.897,2019-01-23 12:17:03.643634,,
2019-01-23 12:16:43.380134,2019-01-23 12:17:03.893,2019-01-23 12:17:03.624617,,
2019-01-23 12:16:43.457254,2019-01-23 12:17:04.515,2019-01-23 12:17:03.640324,,
2019-01-23 12:16:43.598248,2019-01-23 12:17:04.486,2019-01-23 12:17:03.687898,,
2019-01-23 12:16:43.407748,2019-01-23 12:17:04.428,2019-01-23 12:17:03.634016,,
2019-01-23 12:16:43.460353,2019-01-23 12:17:04.427,2019-01-23 12:17:03.642144,,
2019-01-23 12:16:43.542249,2019-01-23 12:17:04.426,2019-01-23 12:17:03.666730,,
2019-01-23 12:16:43.457760,2019-01-23 12:17:04.426,2019-01-23 12:17:03.640574,,
2019-01-23 12:16:43.379205,2019-01-23 12:17:04.425,2019-01-23 12:17:03.623665,,
2019-01-23 12:16:43.543550,2019-01-23 12:17:04.424,2019-01-23 12:17:03.666991,,
2019-01-23 12:16:43.598533,2019-01-23 12:17:04.424,2019-01-23 12:17:03.688240,,
2019-01-23 12:16:43.597938,2019-01-23 12:17:04.422,2019-01-23 12:17:03.668867,,
2019-01-23 12:16:43.456280,2019-01-23 12:17:04.422,2019-01-23 12:17:03.639693,,
2019-01-23 12:16:43.599080,2019-01-23 12:17:04.422,2019-01-23 12:17:03.688793,,
2019-01-23 12:16:43.492219,2019-01-23 12:17:04.422,2019-01-23 12:17:03.665067,,
2019-01-23 12:16:43.541747,2019-01-23 12:17:04.419,2019-01-23 12:17:03.666448,,
2019-01-23 12:16:43.459200,2019-01-23 12:17:04.223,2019-01-23 12:17:03.641376,,
2019-01-23 12:16:43.409618,2019-01-23 12:17:04.140,2019-01-23 12:17:03.634771,,
2019-01-23 12:16:43.599680,2019-01-23 12:17:04.130,2019-01-23 12:17:03.689524,,
2019-01-23 12:16:43.381611,2019-01-23 12:17:04.135,2019-01-23 12:17:03.626099,,
2019-01-23 12:16:43.437057,2019-01-23 12:17:04.139,2019-01-23 12:17:03.636208,,
2019-01-23 12:16:43.597043,2019-01-23 12:17:04.140,2019-01-23 12:17:03.667871,,
2019-01-23 12:16:43.401383,2019-01-23 12:17:04.139,2019-01-23 12:17:03.633765,,
2019-01-23 12:16:43.597667,2019-01-23 12:17:04.133,2019-01-23 12:17:03.668489,,
2019-01-23 12:16:43.490709,2019-01-23 12:17:04.126,2019-01-23 12:17:03.644381,,
2019-01-23 12:16:43.490392,2019-01-23 12:17:04.124,2019-01-23 12:17:03.644139,,
2019-01-23 12:16:43.489203,2019-01-23 12:17:04.121,2019-01-23 12:17:03.643288,,
2019-01-23 12:16:43.399044,2019-01-23 12:17:05.758,2019-01-23 12:17:03.632752,,
2019-01-23 12:16:43.383022,2019-01-23 12:17:04.121,2019-01-23 12:17:03.627699,,
2019-01-23 12:16:43.400067,2019-01-23 12:17:04.121,2019-01-23 12:17:03.633269,,
2019-01-23 12:16:43.397110,2019-01-23 12:17:04.21,2019-01-23 12:17:03.631930,,
2019-01-23 12:16:43.456774,2019-01-23 12:17:04.17,2019-01-23 12:17:03.640050,,
2019-01-23 12:16:43.382546,2019-01-23 12:17:04.13,2019-01-23 12:17:03.627068,,
2019-01-23 12:16:43.541126,2019-01-23 12:17:05.938,2019-01-23 12:17:03.666193,,
2019-01-23 12:16:43.460707,2019-01-23 12:17:04.12,2019-01-23 12:17:03.642393,,
2019-01-23 12:16:43.400585,2019-01-23 12:17:04.08,2019-01-23 12:17:03.633520,,
2019-01-23 12:16:43.539681,2019-01-23 12:17:04.08,2019-01-23 12:17:03.665623,,
2019-01-23 12:16:43.438322,2019-01-23 12:17:04.08,2019-01-23 12:17:03.636549,,
2019-01-23 12:16:43.458228,2019-01-23 12:17:04.08,2019-01-23 12:17:03.640820,,
2019-01-23 12:16:43.399554,2019-01-23 12:17:04.07,2019-01-23 12:17:03.633006,,
2019-01-23 12:16:43.410690,2019-01-23 12:17:04.07,2019-01-23 12:17:03.635401,,
2019-01-23 12:16:43.491071,2019-01-23 12:17:04.07,2019-01-23 12:17:03.664153,,
2019-01-23 12:16:43.378789,2019-01-23 12:17:06.118,2019-01-23 12:17:03.623243,,
2019-01-23 12:16:43.379667,2019-01-23 12:17:06.57,2019-01-23 12:17:03.624139,,
2019-01-23 12:16:43.597366,2019-01-23 12:17:05.998,2019-01-23 12:17:03.668228,,
2019-01-23 12:16:43.380586,2019-01-23 12:17:05.881,2019-01-23 12:17:03.625093,,
2019-01-23 12:16:43.488669,2019-01-23 12:17:05.852,2019-01-23 12:17:03.643005,,
2019-01-23 12:16:43.398426,2019-01-23 12:17:05.196,2019-01-23 12:17:03.632508,,
2019-01-23 12:16:43.600271,2019-01-23 12:17:05.161,2019-01-23 12:17:03.690065,,
2019-01-23 12:16:43.601981,2019-01-23 12:17:05.131,2019-01-23 12:17:03.690579,,
2019-01-23 12:16:43.596103,2019-01-23 12:17:05.102,2019-01-23 12:17:03.667235,,
2019-01-23 12:16:43.383489,2019-01-23 12:17:05.70,2019-01-23 12:17:03.628197,,
2019-01-23 12:16:43.491909,2019-01-23 12:17:05.39,2019-01-23 12:17:03.664799,,
2019-01-23 12:16:43.411268,2019-01-23 12:17:04.634,2019-01-23 12:17:03.635655,,
2019-01-23 12:16:43.397789,2019-01-23 12:17:04.604,2019-01-23 12:17:03.632246,,
2019-01-23 12:16:43.410157,2019-01-23 12:17:04.544,2019-01-23 12:17:03.635123,,
2019-01-23 12:16:43.459969,2019-01-23 12:17:07.44,2019-01-23 12:17:03.641885,,
2019-01-23 12:16:43.540331,2019-01-23 12:17:06.487,2019-01-23 12:17:03.665911,,
2019-01-23 12:16:43.491518,2019-01-23 12:17:06.429,2019-01-23 12:17:03.664530,,
2019-01-23 12:16:43.459577,2019-01-23 12:17:06.336,2019-01-23 12:17:03.641628,,
2019-01-23 12:16:43.539115,2019-01-23 12:17:06.271,2019-01-23 12:17:03.665329,,
2019-01-23 12:16:43.596656,2019-01-23 12:17:07.241,2019-01-23 12:17:03.667601,,
2019-01-23 12:16:43.458655,2019-01-23 12:17:07.141,2019-01-23 12:17:03.641120,,
2019-01-23 12:16:43.435692,2019-01-23 12:17:07.355,2019-01-23 12:17:03.635901,,
2019-01-23 12:16:43.599378,2019-01-23 12:17:07.413,2019-01-23 12:17:03.689151,,
2019-01-23 12:16:43.408347,2019-01-23 12:17:07.472,2019-01-23 12:17:03.634269,,
2019-01-23 12:16:43.488064,2019-01-23 12:17:07.525,2019-01-23 12:17:03.642681,,
2019-01-23 12:16:43.599969,2019-01-23 12:17:07.571,2019-01-23 12:17:03.689785,,
2019-01-23 12:17:43.773165,2019-01-23 12:18:03.936,2019-01-23 12:18:03.854254,,
2019-01-23 12:17:43.782293,2019-01-23 12:18:04.37,2019-01-23 12:18:03.875325,,
2019-01-23 12:17:43.774608,2019-01-23 12:18:04.42,2019-01-23 12:18:03.859038,,
2019-01-23 12:17:43.790308,2019-01-23 12:18:04.40,2019-01-23 12:18:03.893030,,
2019-01-23 12:17:43.771100,2019-01-23 12:18:04.39,2019-01-23 12:18:03.851116,,
2019-01-23 12:17:43.771522,2019-01-23 12:18:04.37,2019-01-23 12:18:03.851603,,
2019-01-23 12:17:43.772218,2019-01-23 12:18:04.145,2019-01-23 12:18:03.852737,,
2019-01-23 12:17:43.771979,2019-01-23 12:18:04.143,2019-01-23 12:18:03.852319,,
2019-01-23 12:17:43.773410,2019-01-23 12:18:04.142,2019-01-23 12:18:03.855870,,
2019-01-23 12:17:43.788410,2019-01-23 12:18:04.139,2019-01-23 12:18:03.890730,,
2019-01-23 12:17:43.788664,2019-01-23 12:18:04.242,2019-01-23 12:18:03.891196,,
2019-01-23 12:17:43.772930,2019-01-23 12:18:04.139,2019-01-23 12:18:03.853787,,
2019-01-23 12:17:43.802438,2019-01-23 12:18:04.138,2019-01-23 12:18:03.916532,,
2019-01-23 12:17:43.773654,2019-01-23 12:18:04.138,2019-01-23 12:18:03.856232,,
2019-01-23 12:17:43.772696,2019-01-23 12:18:04.138,2019-01-23 12:18:03.853386,,
2019-01-23 12:17:43.774124,2019-01-23 12:18:04.355,2019-01-23 12:18:03.858199,,
2019-01-23 12:17:43.791281,2019-01-23 12:18:04.352,2019-01-23 12:18:03.893800,,
2019-01-23 12:17:43.783616,2019-01-23 12:18:04.350,2019-01-23 12:18:03.876767,,
2019-01-23 12:17:43.771740,2019-01-23 12:18:04.348,2019-01-23 12:18:03.851914,,
2019-01-23 12:17:43.784130,2019-01-23 12:18:04.346,2019-01-23 12:18:03.877302,,
2019-01-23 12:17:43.781979,2019-01-23 12:18:04.346,2019-01-23 12:18:03.875080,,
2019-01-23 12:17:43.775839,2019-01-23 12:18:04.346,2019-01-23 12:18:03.860757,,
2019-01-23 12:17:43.783026,2019-01-23 12:18:04.345,2019-01-23 12:18:03.876162,,
2019-01-23 12:17:43.772452,2019-01-23 12:18:04.345,2019-01-23 12:18:03.853058,,
2019-01-23 12:17:43.781490,2019-01-23 12:18:04.345,2019-01-23 12:18:03.874594,,
2019-01-23 12:17:43.805218,2019-01-23 12:18:04.345,2019-01-23 12:18:03.919266,,
2019-01-23 12:17:43.774841,2019-01-23 12:18:04.268,2019-01-23 12:18:03.859467,,
2019-01-23 12:17:43.775589,2019-01-23 12:18:04.222,2019-01-23 12:18:03.860507,,
2019-01-23 12:17:43.776330,2019-01-23 12:18:04.639,2019-01-23 12:18:03.861556,,
2019-01-23 12:17:43.775343,2019-01-23 12:18:04.598,2019-01-23 12:18:03.860236,,
2019-01-23 12:17:43.791629,2019-01-23 12:18:04.573,2019-01-23 12:18:03.894040,,
2019-01-23 12:17:43.803599,2019-01-23 12:18:04.566,2019-01-23 12:18:03.917783,,
2019-01-23 12:17:43.803870,2019-01-23 12:18:04.566,2019-01-23 12:18:03.918102,,
2019-01-23 12:17:43.789731,2019-01-23 12:18:04.565,2019-01-23 12:18:03.892453,,
2019-01-23 12:17:43.803006,2019-01-23 12:18:04.565,2019-01-23 12:18:03.917141,,
2019-01-23 12:17:43.780164,2019-01-23 12:18:04.565,2019-01-23 12:18:03.873301,,
2019-01-23 12:17:43.787890,2019-01-23 12:18:04.520,2019-01-23 12:18:03.890248,,
2019-01-23 12:17:43.779617,2019-01-23 12:18:04.469,2019-01-23 12:18:03.862270,,
2019-01-23 12:17:43.802687,2019-01-23 12:18:04.467,2019-01-23 12:18:03.916813,,
2019-01-23 12:17:43.803271,2019-01-23 12:18:04.465,2019-01-23 12:18:03.917445,,
2019-01-23 12:17:43.781735,2019-01-23 12:18:04.464,2019-01-23 12:18:03.874835,,
2019-01-23 12:17:43.804885,2019-01-23 12:18:04.464,2019-01-23 12:18:03.918990,,
2019-01-23 12:17:43.790559,2019-01-23 12:18:04.462,2019-01-23 12:18:03.893295,,
2019-01-23 12:17:43.801314,2019-01-23 12:18:04.462,2019-01-23 12:18:03.914974,,
2019-01-23 12:17:43.787650,2019-01-23 12:18:04.461,2019-01-23 12:18:03.889993,,
2019-01-23 12:17:43.776088,2019-01-23 12:18:04.459,2019-01-23 12:18:03.861108,,
2019-01-23 12:17:43.775100,2019-01-23 12:18:04.457,2019-01-23 12:18:03.859888,,
2019-01-23 12:17:43.780887,2019-01-23 12:18:04.457,2019-01-23 12:18:03.874115,,
2019-01-23 12:17:43.783876,2019-01-23 12:18:04.380,2019-01-23 12:18:03.877026,,
2019-01-23 12:17:43.801916,2019-01-23 12:18:04.358,2019-01-23 12:18:03.915836,,
2019-01-23 12:17:43.832163,2019-01-23 12:18:05.155,2019-01-23 12:18:04.016403,,
2019-01-23 12:17:43.780405,2019-01-23 12:18:05.108,2019-01-23 12:18:03.873634,,
2019-01-23 12:17:43.802170,2019-01-23 12:18:05.23,2019-01-23 12:18:03.916115,,
2019-01-23 12:17:43.773890,2019-01-23 12:18:04.992,2019-01-23 12:18:03.856563,,
2019-01-23 12:17:43.790817,2019-01-23 12:18:04.971,2019-01-23 12:18:03.893547,,
2019-01-23 12:17:43.788140,2019-01-23 12:18:04.948,2019-01-23 12:18:03.890488,,
2019-01-23 12:17:43.789412,2019-01-23 12:18:04.908,2019-01-23 12:18:03.892141,,
2019-01-23 12:17:43.804138,2019-01-23 12:18:04.765,2019-01-23 12:18:03.918428,,
2019-01-23 12:17:43.804397,2019-01-23 12:18:04.714,2019-01-23 12:18:03.918705,,
2019-01-23 12:17:43.783290,2019-01-23 12:18:04.688,2019-01-23 12:18:03.876437,,
2019-01-23 12:17:43.782546,2019-01-23 12:18:04.666,2019-01-23 12:18:03.875574,,
2019-01-23 12:17:43.788919,2019-01-23 12:18:04.666,2019-01-23 12:18:03.891560,,
2019-01-23 12:17:43.805762,2019-01-23 12:18:04.665,2019-01-23 12:18:04.015309,,
2019-01-23 12:17:43.781226,2019-01-23 12:18:04.665,2019-01-23 12:18:03.874354,,
2019-01-23 12:17:43.801659,2019-01-23 12:18:04.665,2019-01-23 12:18:03.915553,,
2019-01-23 12:17:43.790047,2019-01-23 12:18:06.177,2019-01-23 12:18:03.892754,,
2019-01-23 12:17:43.779916,2019-01-23 12:18:06.98,2019-01-23 12:18:03.862631,,
2019-01-23 12:17:43.776569,2019-01-23 12:18:06.22,2019-01-23 12:18:03.861947,,
2019-01-23 12:17:43.805510,2019-01-23 12:18:05.945,2019-01-23 12:18:03.919556,,
2019-01-23 12:17:43.787400,2019-01-23 12:18:05.713,2019-01-23 12:18:03.889683,,
2019-01-23 12:17:43.774368,2019-01-23 12:18:06.352,2019-01-23 12:18:03.858603,,
2019-01-23 12:17:43.780648,2019-01-23 12:18:06.324,2019-01-23 12:18:03.873878,,
2019-01-23 12:17:43.789161,2019-01-23 12:18:06.415,2019-01-23 12:18:03.891819,,
2019-01-23 12:17:43.787080,2019-01-23 12:18:06.474,2019-01-23 12:18:03.877553,,
2019-01-23 12:17:43.782787,2019-01-23 12:18:06.537,2019-01-23 12:18:03.875827,,
2019-01-23 12:18:44.174518,2019-01-23 12:19:04.517,2019-01-23 12:19:04.418573,,
2019-01-23 12:18:44.171314,2019-01-23 12:19:04.617,2019-01-23 12:19:04.416603,,
2019-01-23 12:18:44.172951,2019-01-23 12:19:04.620,2019-01-23 12:19:04.417599,,
2019-01-23 12:18:44.196757,2019-01-23 12:19:04.618,2019-01-23 12:19:04.419784,,
2019-01-23 12:18:44.173730,2019-01-23 12:19:04.618,2019-01-23 12:19:04.418089,,
2019-01-23 12:18:44.195985,2019-01-23 12:19:04.617,2019-01-23 12:19:04.419307,,
2019-01-23 12:18:44.172587,2019-01-23 12:19:04.617,2019-01-23 12:19:04.417361,,
2019-01-23 12:18:44.216273,2019-01-23 12:19:05.142,2019-01-23 12:19:04.436022,,
2019-01-23 12:18:44.394173,2019-01-23 12:19:05.138,2019-01-23 12:19:04.481148,,
2019-01-23 12:18:44.215788,2019-01-23 12:19:05.136,2019-01-23 12:19:04.435736,,
2019-01-23 12:18:44.237082,2019-01-23 12:19:05.36,2019-01-23 12:19:04.446151,,
2019-01-23 12:18:44.336772,2019-01-23 12:19:04.939,2019-01-23 12:19:04.479363,,
2019-01-23 12:18:44.237379,2019-01-23 12:19:04.937,2019-01-23 12:19:04.446396,,
2019-01-23 12:18:44.395309,2019-01-23 12:19:04.937,2019-01-23 12:19:04.502651,,
2019-01-23 12:18:44.218611,2019-01-23 12:19:04.936,2019-01-23 12:19:04.437690,,
2019-01-23 12:18:44.238258,2019-01-23 12:19:04.936,2019-01-23 12:19:04.447169,,
2019-01-23 12:18:44.169635,2019-01-23 12:19:04.936,2019-01-23 12:19:04.415674,,
2019-01-23 12:18:44.198884,2019-01-23 12:19:04.848,2019-01-23 12:19:04.434017,,
2019-01-23 12:18:44.170783,2019-01-23 12:19:04.845,2019-01-23 12:19:04.416342,,
2019-01-23 12:18:44.334613,2019-01-23 12:19:04.842,2019-01-23 12:19:04.477053,,
2019-01-23 12:18:44.333338,2019-01-23 12:19:04.839,2019-01-23 12:19:04.448877,,
2019-01-23 12:18:44.174882,2019-01-23 12:19:04.839,2019-01-23 12:19:04.418814,,
2019-01-23 12:18:44.217416,2019-01-23 12:19:04.836,2019-01-23 12:19:04.436793,,
2019-01-23 12:18:44.393663,2019-01-23 12:19:04.835,2019-01-23 12:19:04.480493,,
2019-01-23 12:18:44.393213,2019-01-23 12:19:04.835,2019-01-23 12:19:04.480249,,
2019-01-23 12:18:44.237667,2019-01-23 12:19:04.733,2019-01-23 12:19:04.446661,,
2019-01-23 12:18:44.218206,2019-01-23 12:19:04.731,2019-01-23 12:19:04.437406,,
2019-01-23 12:18:44.197053,2019-01-23 12:19:04.727,2019-01-23 12:19:04.420048,,
2019-01-23 12:18:44.335851,2019-01-23 12:19:04.727,2019-01-23 12:19:04.478626,,
2019-01-23 12:18:44.199495,2019-01-23 12:19:04.725,2019-01-23 12:19:04.434511,,
2019-01-23 12:18:44.394693,2019-01-23 12:19:05.958,2019-01-23 12:19:04.502154,,
2019-01-23 12:18:44.198014,2019-01-23 12:19:04.725,2019-01-23 12:19:04.420790,,
2019-01-23 12:18:44.196348,2019-01-23 12:19:04.725,2019-01-23 12:19:04.419546,,
2019-01-23 12:18:44.215112,2019-01-23 12:19:04.724,2019-01-23 12:19:04.435489,,
2019-01-23 12:18:44.236386,2019-01-23 12:19:04.724,2019-01-23 12:19:04.445648,,
2019-01-23 12:18:44.174131,2019-01-23 12:19:04.724,2019-01-23 12:19:04.418335,,
2019-01-23 12:18:44.199189,2019-01-23 12:19:06.115,2019-01-23 12:19:04.434267,,
2019-01-23 12:18:44.239423,2019-01-23 12:19:06.147,2019-01-23 12:19:04.447835,,
2019-01-23 12:18:44.170295,2019-01-23 12:19:06.90,2019-01-23 12:19:04.416119,,
2019-01-23 12:18:44.237958,2019-01-23 12:19:06.63,2019-01-23 12:19:04.446915,,
2019-01-23 12:18:44.199879,2019-01-23 12:19:06.40,2019-01-23 12:19:04.434752,,
2019-01-23 12:18:44.333833,2019-01-23 12:19:06.13,2019-01-23 12:19:04.449624,,
2019-01-23 12:18:44.172147,2019-01-23 12:19:05.930,2019-01-23 12:19:04.417075,,
2019-01-23 12:18:44.175281,2019-01-23 12:19:05.877,2019-01-23 12:19:04.419065,,
2019-01-23 12:18:44.333545,2019-01-23 12:19:05.853,2019-01-23 12:19:04.449286,,
2019-01-23 12:18:44.238680,2019-01-23 12:19:05.747,2019-01-23 12:19:04.447561,,
2019-01-23 12:18:44.239864,2019-01-23 12:19:05.668,2019-01-23 12:19:04.448228,,
2019-01-23 12:18:44.236012,2019-01-23 12:19:05.641,2019-01-23 12:19:04.445275,,
2019-01-23 12:18:44.197338,2019-01-23 12:19:05.588,2019-01-23 12:19:04.420303,,
2019-01-23 12:18:44.200567,2019-01-23 12:19:05.560,2019-01-23 12:19:04.435234,,
2019-01-23 12:18:44.216755,2019-01-23 12:19:05.530,2019-01-23 12:19:04.436292,,
2019-01-23 12:18:44.334093,2019-01-23 12:19:05.396,2019-01-23 12:19:04.449908,,
2019-01-23 12:18:44.235618,2019-01-23 12:19:05.366,2019-01-23 12:19:04.438195,,
2019-01-23 12:18:44.335198,2019-01-23 12:19:05.238,2019-01-23 12:19:04.477947,,
2019-01-23 12:18:44.333045,2019-01-23 12:19:05.238,2019-01-23 12:19:04.448552,,
2019-01-23 12:18:44.337291,2019-01-23 12:19:05.237,2019-01-23 12:19:04.479995,,
2019-01-23 12:18:44.334945,2019-01-23 12:19:05.236,2019-01-23 12:19:04.477619,,
2019-01-23 12:18:44.334350,2019-01-23 12:19:05.143,2019-01-23 12:19:04.476646,,
2019-01-23 12:18:44.217105,2019-01-23 12:19:05.143,2019-01-23 12:19:04.436546,,
2019-01-23 12:18:44.336445,2019-01-23 12:19:05.142,2019-01-23 12:19:04.479122,,
2019-01-23 12:18:44.173339,2019-01-23 12:19:05.142,2019-01-23 12:19:04.417837,,
2019-01-23 12:18:44.394954,2019-01-23 12:19:07.59,2019-01-23 12:19:04.502405,,
2019-01-23 12:18:44.336107,2019-01-23 12:19:06.904,2019-01-23 12:19:04.478878,,
2019-01-23 12:18:44.235193,2019-01-23 12:19:06.777,2019-01-23 12:19:04.437940,,
2019-01-23 12:18:44.198591,2019-01-23 12:19:06.695,2019-01-23 12:19:04.433716,,
2019-01-23 12:18:44.236713,2019-01-23 12:19:06.209,2019-01-23 12:19:04.445905,,
2019-01-23 12:18:44.217738,2019-01-23 12:19:06.180,2019-01-23 12:19:04.437032,,
2019-01-23 12:18:44.337039,2019-01-23 12:19:07.254,2019-01-23 12:19:04.479660,,
2019-01-23 12:18:44.197629,2019-01-23 12:19:07.141,2019-01-23 12:19:04.420545,,
2019-01-23 12:18:44.198310,2019-01-23 12:19:07.310,2019-01-23 12:19:04.421084,,
2019-01-23 12:18:44.335566,2019-01-23 12:19:07.279,2019-01-23 12:19:04.478374,,
2019-01-23 12:18:44.171727,2019-01-23 12:19:07.396,2019-01-23 12:19:04.416838,,
2019-01-23 12:18:44.200216,2019-01-23 12:19:07.475,2019-01-23 12:19:04.434993,,
2019-01-23 12:18:44.394435,2019-01-23 12:19:07.514,2019-01-23 12:19:04.501839,,
2019-01-23 12:18:44.393893,2019-01-23 12:19:07.549,2019-01-23 12:19:04.480809,,
2019-01-23 12:19:44.640830,2019-01-23 12:20:04.889,2019-01-23 12:20:04.804625,,
2019-01-23 12:19:44.637134,2019-01-23 12:20:04.989,2019-01-23 12:20:04.801090,,
2019-01-23 12:19:44.686019,2019-01-23 12:20:04.994,2019-01-23 12:20:04.849093,,
2019-01-23 12:19:44.639791,2019-01-23 12:20:04.992,2019-01-23 12:20:04.803599,,
2019-01-23 12:19:44.681193,2019-01-23 12:20:05.34,2019-01-23 12:20:04.812226,,
2019-01-23 12:19:44.638176,2019-01-23 12:20:05.90,2019-01-23 12:20:04.802109,,
2019-01-23 12:19:44.640060,2019-01-23 12:20:05.99,2019-01-23 12:20:04.803851,,
2019-01-23 12:19:44.780090,2019-01-23 12:20:05.99,2019-01-23 12:20:04.898851,,
2019-01-23 12:19:44.639534,2019-01-23 12:20:05.98,2019-01-23 12:20:04.803353,,
2019-01-23 12:19:44.684052,2019-01-23 12:20:05.94,2019-01-23 12:20:04.846935,,
2019-01-23 12:19:44.642831,2019-01-23 12:20:05.93,2019-01-23 12:20:04.805135,,
2019-01-23 12:19:44.645702,2019-01-23 12:20:05.93,2019-01-23 12:20:04.810744,,
2019-01-23 12:19:44.643216,2019-01-23 12:20:05.91,2019-01-23 12:20:04.808170,,
2019-01-23 12:19:44.639273,2019-01-23 12:20:05.200,2019-01-23 12:20:04.803111,,
2019-01-23 12:19:44.643753,2019-01-23 12:20:05.198,2019-01-23 12:20:04.808852,,
2019-01-23 12:19:44.685114,2019-01-23 12:20:05.197,2019-01-23 12:20:04.848202,,
2019-01-23 12:19:44.637909,2019-01-23 12:20:05.196,2019-01-23 12:20:04.801849,,
2019-01-23 12:19:44.683169,2019-01-23 12:20:05.196,2019-01-23 12:20:04.845973,,
2019-01-23 12:19:44.698664,2019-01-23 12:20:05.196,2019-01-23 12:20:04.858280,,
2019-01-23 12:19:44.636872,2019-01-23 12:20:05.196,2019-01-23 12:20:04.800805,,
2019-01-23 12:19:44.682859,2019-01-23 12:20:05.195,2019-01-23 12:20:04.845593,,
2019-01-23 12:19:44.684856,2019-01-23 12:20:05.195,2019-01-23 12:20:04.847812,,
2019-01-23 12:19:44.647367,2019-01-23 12:20:05.195,2019-01-23 12:20:04.811973,,
2019-01-23 12:19:44.638733,2019-01-23 12:20:05.193,2019-01-23 12:20:04.802606,,
2019-01-23 12:19:44.641159,2019-01-23 12:20:05.193,2019-01-23 12:20:04.804879,,
2019-01-23 12:19:44.699172,2019-01-23 12:20:05.821,2019-01-23 12:20:04.858842,,
2019-01-23 12:19:44.637651,2019-01-23 12:20:05.739,2019-01-23 12:20:04.801602,,
2019-01-23 12:19:44.682162,2019-01-23 12:20:05.715,2019-01-23 12:20:04.812719,,
2019-01-23 12:19:44.635897,2019-01-23 12:20:05.660,2019-01-23 12:20:04.799856,,
2019-01-23 12:19:44.698920,2019-01-23 12:20:05.639,2019-01-23 12:20:04.858588,,
2019-01-23 12:19:44.700304,2019-01-23 12:20:05.604,2019-01-23 12:20:04.860548,,
2019-01-23 12:19:44.646542,2019-01-23 12:20:05.603,2019-01-23 12:20:04.811707,,
2019-01-23 12:19:44.681739,2019-01-23 12:20:05.603,2019-01-23 12:20:04.812476,,
2019-01-23 12:19:44.644540,2019-01-23 12:20:05.603,2019-01-23 12:20:04.809724,,
2019-01-23 12:19:44.636602,2019-01-23 12:20:05.510,2019-01-23 12:20:04.800556,,
2019-01-23 12:19:44.684312,2019-01-23 12:20:05.513,2019-01-23 12:20:04.847225,,
2019-01-23 12:19:44.779412,2019-01-23 12:20:05.515,2019-01-23 12:20:04.898331,,
2019-01-23 12:19:44.699721,2019-01-23 12:20:05.507,2019-01-23 12:20:04.859345,,
2019-01-23 12:19:44.699431,2019-01-23 12:20:06.228,2019-01-23 12:20:04.859092,,
2019-01-23 12:19:44.700602,2019-01-23 12:20:05.504,2019-01-23 12:20:04.895355,,
2019-01-23 12:19:44.777990,2019-01-23 12:20:05.502,2019-01-23 12:20:04.897133,,
2019-01-23 12:19:44.696655,2019-01-23 12:20:05.502,2019-01-23 12:20:04.849346,,
2019-01-23 12:19:44.682532,2019-01-23 12:20:05.502,2019-01-23 12:20:04.845018,,
2019-01-23 12:19:44.645357,2019-01-23 12:20:05.403,2019-01-23 12:20:04.810489,,
2019-01-23 12:19:44.778769,2019-01-23 12:20:05.402,2019-01-23 12:20:04.897767,,
2019-01-23 12:19:44.701321,2019-01-23 12:20:05.402,2019-01-23 12:20:04.896741,,
2019-01-23 12:19:44.685366,2019-01-23 12:20:05.402,2019-01-23 12:20:04.848587,,
2019-01-23 12:19:44.700013,2019-01-23 12:20:05.305,2019-01-23 12:20:04.859716,,
2019-01-23 12:19:44.700919,2019-01-23 12:20:05.305,2019-01-23 12:20:04.896276,,
2019-01-23 12:19:44.698400,2019-01-23 12:20:05.303,2019-01-23 12:20:04.857937,,
2019-01-23 12:19:44.637395,2019-01-23 12:20:05.303,2019-01-23 12:20:04.801353,,
2019-01-23 12:19:44.638457,2019-01-23 12:20:05.302,2019-01-23 12:20:04.802357,,
2019-01-23 12:19:44.640573,2019-01-23 12:20:07.79,2019-01-23 12:20:04.804374,,
2019-01-23 12:19:44.644272,2019-01-23 12:20:05.302,2019-01-23 12:20:04.809336,,
2019-01-23 12:19:44.698125,2019-01-23 12:20:05.301,2019-01-23 12:20:04.857586,,
2019-01-23 12:19:44.640320,2019-01-23 12:20:05.301,2019-01-23 12:20:04.804108,,
2019-01-23 12:19:44.645085,2019-01-23 12:20:05.301,2019-01-23 12:20:04.810234,,
2019-01-23 12:19:44.779052,2019-01-23 12:20:05.293,2019-01-23 12:20:04.898065,,
2019-01-23 12:19:44.779819,2019-01-23 12:20:07.189,2019-01-23 12:20:04.898591,,
2019-01-23 12:19:44.697033,2019-01-23 12:20:06.969,2019-01-23 12:20:04.849739,,
2019-01-23 12:19:44.697330,2019-01-23 12:20:06.944,2019-01-23 12:20:04.856266,,
2019-01-23 12:19:44.638999,2019-01-23 12:20:06.917,2019-01-23 12:20:04.802858,,
2019-01-23 12:19:44.636362,2019-01-23 12:20:06.892,2019-01-23 12:20:04.800297,,
2019-01-23 12:19:44.643492,2019-01-23 12:20:06.326,2019-01-23 12:20:04.808595,,
2019-01-23 12:19:44.697602,2019-01-23 12:20:06.288,2019-01-23 12:20:04.856680,,
2019-01-23 12:19:44.697858,2019-01-23 12:20:06.260,2019-01-23 12:20:04.857104,,
2019-01-23 12:19:44.646245,2019-01-23 12:20:06.193,2019-01-23 12:20:04.811355,,
2019-01-23 12:19:44.645976,2019-01-23 12:20:07.487,2019-01-23 12:20:04.811082,,
2019-01-23 12:19:44.683770,2019-01-23 12:20:05.890,2019-01-23 12:20:04.846641,,
2019-01-23 12:19:44.684580,2019-01-23 12:20:07.436,2019-01-23 12:20:04.847528,,
2019-01-23 12:19:44.683471,2019-01-23 12:20:07.268,2019-01-23 12:20:04.846314,,
2019-01-23 12:19:44.685731,2019-01-23 12:20:07.571,2019-01-23 12:20:04.848848,,
2019-01-23 12:19:44.644803,2019-01-23 12:20:07.632,2019-01-23 12:20:04.809980,,
2019-01-23 12:19:44.778384,2019-01-23 12:20:07.711,2019-01-23 12:20:04.897485,,
2019-01-23 12:19:44.644013,2019-01-23 12:20:07.767,2019-01-23 12:20:04.809095,,
2019-01-23 12:20:45.126091,2019-01-23 12:21:05.435,2019-01-23 12:21:05.240279,,
2019-01-23 12:20:45.113554,2019-01-23 12:21:05.439,2019-01-23 12:21:05.230503,,
2019-01-23 12:20:45.114306,2019-01-23 12:21:05.439,2019-01-23 12:21:05.232796,,
2019-01-23 12:20:45.124534,2019-01-23 12:21:05.438,2019-01-23 12:21:05.238989,,
2019-01-23 12:20:45.115561,2019-01-23 12:21:05.437,2019-01-23 12:21:05.235854,,
2019-01-23 12:20:45.114552,2019-01-23 12:21:05.548,2019-01-23 12:21:05.233062,,
2019-01-23 12:20:45.112801,2019-01-23 12:21:05.544,2019-01-23 12:21:05.229769,,
2019-01-23 12:20:45.111800,2019-01-23 12:21:05.542,2019-01-23 12:21:05.228813,,
2019-01-23 12:20:45.223485,2019-01-23 12:21:05.542,2019-01-23 12:21:05.318281,,
2019-01-23 12:20:45.116323,2019-01-23 12:21:05.541,2019-01-23 12:21:05.236661,,
2019-01-23 12:20:45.114804,2019-01-23 12:21:05.742,2019-01-23 12:21:05.233312,,
2019-01-23 12:20:45.113310,2019-01-23 12:21:05.541,2019-01-23 12:21:05.230260,,
2019-01-23 12:20:45.139750,2019-01-23 12:21:05.809,2019-01-23 12:21:05.245934,,
2019-01-23 12:20:45.222953,2019-01-23 12:21:05.772,2019-01-23 12:21:05.317478,,
2019-01-23 12:20:45.115058,2019-01-23 12:21:05.773,2019-01-23 12:21:05.233565,,
2019-01-23 12:20:45.222705,2019-01-23 12:21:05.770,2019-01-23 12:21:05.317215,,
2019-01-23 12:20:45.225700,2019-01-23 12:21:05.766,2019-01-23 12:21:05.332180,,
2019-01-23 12:20:45.224803,2019-01-23 12:21:05.764,2019-01-23 12:21:05.330929,,
2019-01-23 12:20:45.135697,2019-01-23 12:21:05.762,2019-01-23 12:21:05.244140,,
2019-01-23 12:20:45.123784,2019-01-23 12:21:05.755,2019-01-23 12:21:05.238215,,
2019-01-23 12:20:45.223220,2019-01-23 12:21:05.758,2019-01-23 12:21:05.317766,,
2019-01-23 12:20:45.113072,2019-01-23 12:21:05.759,2019-01-23 12:21:05.230010,,
2019-01-23 12:20:45.211720,2019-01-23 12:21:05.754,2019-01-23 12:21:05.315822,,
2019-01-23 12:20:45.137772,2019-01-23 12:21:05.759,2019-01-23 12:21:05.245657,,
2019-01-23 12:20:45.209652,2019-01-23 12:21:05.753,2019-01-23 12:21:05.247604,,
2019-01-23 12:20:45.207958,2019-01-23 12:21:05.650,2019-01-23 12:21:05.246537,,
2019-01-23 12:20:45.125348,2019-01-23 12:21:05.648,2019-01-23 12:21:05.239497,,
2019-01-23 12:20:45.126361,2019-01-23 12:21:05.647,2019-01-23 12:21:05.240548,,
2019-01-23 12:20:45.111112,2019-01-23 12:21:05.647,2019-01-23 12:21:05.228368,,
2019-01-23 12:20:45.212225,2019-01-23 12:21:05.646,2019-01-23 12:21:05.316654,,
2019-01-23 12:20:45.137506,2019-01-23 12:21:05.646,2019-01-23 12:21:05.245398,,
2019-01-23 12:20:45.210204,2019-01-23 12:21:05.645,2019-01-23 12:21:05.313735,,
2019-01-23 12:20:45.127219,2019-01-23 12:21:05.644,2019-01-23 12:21:05.243893,,
2019-01-23 12:20:45.122549,2019-01-23 12:21:05.644,2019-01-23 12:21:05.237150,,
2019-01-23 12:20:45.223984,2019-01-23 12:21:06.916,2019-01-23 12:21:05.329778,,
2019-01-23 12:20:45.114053,2019-01-23 12:21:06.857,2019-01-23 12:21:05.232330,,
2019-01-23 12:20:45.136642,2019-01-23 12:21:06.824,2019-01-23 12:21:05.244631,,
2019-01-23 12:20:45.125847,2019-01-23 12:21:06.657,2019-01-23 12:21:05.240024,,
2019-01-23 12:20:45.136316,2019-01-23 12:21:06.582,2019-01-23 12:21:05.244381,,
2019-01-23 12:20:45.123034,2019-01-23 12:21:06.83,2019-01-23 12:21:05.237397,,
2019-01-23 12:20:45.211410,2019-01-23 12:21:06.82,2019-01-23 12:21:05.315241,,
2019-01-23 12:20:45.112064,2019-01-23 12:21:06.81,2019-01-23 12:21:05.229037,,
2019-01-23 12:20:45.224237,2019-01-23 12:21:06.79,2019-01-23 12:21:05.330158,,
2019-01-23 12:20:45.225953,2019-01-23 12:21:06.78,2019-01-23 12:21:05.332593,,
2019-01-23 12:20:45.123311,2019-01-23 12:21:06.40,2019-01-23 12:21:05.237638,,
2019-01-23 12:20:45.211138,2019-01-23 12:21:05.982,2019-01-23 12:21:05.314910,,
2019-01-23 12:20:45.207262,2019-01-23 12:21:05.979,2019-01-23 12:21:05.246274,,
2019-01-23 12:20:45.223744,2019-01-23 12:21:05.978,2019-01-23 12:21:05.329254,,
2019-01-23 12:20:45.115303,2019-01-23 12:21:07.394,2019-01-23 12:21:05.233804,,
2019-01-23 12:20:45.125596,2019-01-23 12:21:05.961,2019-01-23 12:21:05.239763,,
2019-01-23 12:20:45.126918,2019-01-23 12:21:05.879,2019-01-23 12:21:05.243631,,
2019-01-23 12:20:45.225343,2019-01-23 12:21:05.878,2019-01-23 12:21:05.331896,,
2019-01-23 12:20:45.113797,2019-01-23 12:21:05.876,2019-01-23 12:21:05.230742,,
2019-01-23 12:20:45.115822,2019-01-23 12:21:05.875,2019-01-23 12:21:05.236170,,
2019-01-23 12:20:45.116574,2019-01-23 12:21:05.873,2019-01-23 12:21:05.236905,,
2019-01-23 12:20:45.209906,2019-01-23 12:21:05.872,2019-01-23 12:21:05.247888,,
2019-01-23 12:20:45.125070,2019-01-23 12:21:05.872,2019-01-23 12:21:05.239238,,
2019-01-23 12:20:45.208423,2019-01-23 12:21:07.588,2019-01-23 12:21:05.246806,,
2019-01-23 12:20:45.211976,2019-01-23 12:21:05.836,2019-01-23 12:21:05.316353,,
2019-01-23 12:20:45.124038,2019-01-23 12:21:07.568,2019-01-23 12:21:05.238475,,
2019-01-23 12:20:45.222357,2019-01-23 12:21:07.501,2019-01-23 12:21:05.316943,,
2019-01-23 12:20:45.210736,2019-01-23 12:21:07.460,2019-01-23 12:21:05.314589,,
2019-01-23 12:20:45.209407,2019-01-23 12:21:07.320,2019-01-23 12:21:05.247336,,
2019-01-23 12:20:45.209117,2019-01-23 12:21:07.39,2019-01-23 12:21:05.247078,,
2019-01-23 12:20:45.136930,2019-01-23 12:21:06.979,2019-01-23 12:21:05.244878,,
2019-01-23 12:20:45.116074,2019-01-23 12:21:06.946,2019-01-23 12:21:05.236417,,
2019-01-23 12:20:45.137236,2019-01-23 12:21:07.766,2019-01-23 12:21:05.245129,,
2019-01-23 12:20:45.112312,2019-01-23 12:21:07.814,2019-01-23 12:21:05.229286,,
2019-01-23 12:20:45.210457,2019-01-23 12:21:07.700,2019-01-23 12:21:05.314262,,
2019-01-23 12:20:45.123546,2019-01-23 12:21:07.788,2019-01-23 12:21:05.237890,,
2019-01-23 12:20:45.112559,2019-01-23 12:21:07.916,2019-01-23 12:21:05.229532,,
2019-01-23 12:20:45.224533,2019-01-23 12:21:07.954,2019-01-23 12:21:05.330503,,
2019-01-23 12:20:45.124287,2019-01-23 12:21:07.988,2019-01-23 12:21:05.238728,,
2019-01-23 12:20:45.126642,2019-01-23 12:21:08.22,2019-01-23 12:21:05.243261,,
2019-01-23 12:20:45.225079,2019-01-23 12:21:08.54,2019-01-23 12:21:05.331561,,
2019-01-23 12:21:45.522362,2019-01-23 12:22:05.809,2019-01-23 12:22:05.601436,,
2019-01-23 12:21:45.520365,2019-01-23 12:22:05.812,2019-01-23 12:22:05.599272,,
2019-01-23 12:21:45.523106,2019-01-23 12:22:05.811,2019-01-23 12:22:05.602271,,
2019-01-23 12:21:45.521128,2019-01-23 12:22:05.809,2019-01-23 12:22:05.600049,,
2019-01-23 12:21:45.523608,2019-01-23 12:22:05.919,2019-01-23 12:22:05.602828,,
2019-01-23 12:21:45.528052,2019-01-23 12:22:05.917,2019-01-23 12:22:05.616268,,
2019-01-23 12:21:45.530532,2019-01-23 12:22:05.916,2019-01-23 12:22:05.624474,,
2019-01-23 12:21:45.520597,2019-01-23 12:22:05.914,2019-01-23 12:22:05.599526,,
2019-01-23 12:21:45.519384,2019-01-23 12:22:05.912,2019-01-23 12:22:05.598222,,
2019-01-23 12:21:45.522867,2019-01-23 12:22:05.911,2019-01-23 12:22:05.601994,,
2019-01-23 12:21:45.531164,2019-01-23 12:22:05.911,2019-01-23 12:22:05.625146,,
2019-01-23 12:21:45.518722,2019-01-23 12:22:05.910,2019-01-23 12:22:05.597546,,
2019-01-23 12:21:45.527545,2019-01-23 12:22:05.909,2019-01-23 12:22:05.615590,,
2019-01-23 12:21:45.521373,2019-01-23 12:22:05.909,2019-01-23 12:22:05.600305,,
2019-01-23 12:21:45.521865,2019-01-23 12:22:06.221,2019-01-23 12:22:05.600836,,
2019-01-23 12:21:45.557945,2019-01-23 12:22:06.219,2019-01-23 12:22:05.637508,,
2019-01-23 12:21:45.529017,2019-01-23 12:22:06.218,2019-01-23 12:22:05.617362,,
2019-01-23 12:21:45.541433,2019-01-23 12:22:06.216,2019-01-23 12:22:05.635788,,
2019-01-23 12:21:45.542087,2019-01-23 12:22:06.216,2019-01-23 12:22:05.636573,,
2019-01-23 12:21:45.541110,2019-01-23 12:22:06.215,2019-01-23 12:22:05.635452,,
2019-01-23 12:21:45.530007,2019-01-23 12:22:06.215,2019-01-23 12:22:05.618767,,
2019-01-23 12:21:45.531693,2019-01-23 12:22:06.207,2019-01-23 12:22:05.625832,,
2019-01-23 12:21:45.527301,2019-01-23 12:22:06.176,2019-01-23 12:22:05.615303,,
2019-01-23 12:21:45.560485,2019-01-23 12:22:06.115,2019-01-23 12:22:05.651640,,
2019-01-23 12:21:45.540144,2019-01-23 12:22:07.148,2019-01-23 12:22:05.634026,,
2019-01-23 12:21:45.539336,2019-01-23 12:22:06.115,2019-01-23 12:22:05.628240,,
2019-01-23 12:21:45.529756,2019-01-23 12:22:06.114,2019-01-23 12:22:05.618400,,
2019-01-23 12:21:45.540421,2019-01-23 12:22:06.112,2019-01-23 12:22:05.634706,,
2019-01-23 12:21:45.528536,2019-01-23 12:22:06.111,2019-01-23 12:22:05.616820,,
2019-01-23 12:21:45.530822,2019-01-23 12:22:06.111,2019-01-23 12:22:05.624784,,
2019-01-23 12:21:45.540793,2019-01-23 12:22:06.111,2019-01-23 12:22:05.635141,,
2019-01-23 12:21:45.522616,2019-01-23 12:22:06.18,2019-01-23 12:22:05.601710,,
2019-01-23 12:21:45.522108,2019-01-23 12:22:06.18,2019-01-23 12:22:05.601158,,
2019-01-23 12:21:45.538430,2019-01-23 12:22:06.16,2019-01-23 12:22:05.627291,,
2019-01-23 12:21:45.520129,2019-01-23 12:22:06.15,2019-01-23 12:22:05.599032,,
2019-01-23 12:21:45.538184,2019-01-23 12:22:06.14,2019-01-23 12:22:05.627032,,
2019-01-23 12:21:45.527800,2019-01-23 12:22:06.13,2019-01-23 12:22:05.615862,,
2019-01-23 12:21:45.521616,2019-01-23 12:22:06.11,2019-01-23 12:22:05.600576,,
2019-01-23 12:21:45.519161,2019-01-23 12:22:06.11,2019-01-23 12:22:05.597980,,
2019-01-23 12:21:45.531436,2019-01-23 12:22:06.10,2019-01-23 12:22:05.625498,,
2019-01-23 12:21:45.520841,2019-01-23 12:22:06.10,2019-01-23 12:22:05.599777,,
2019-01-23 12:21:45.541773,2019-01-23 12:22:06.10,2019-01-23 12:22:05.636084,,
2019-01-23 12:21:45.528778,2019-01-23 12:22:07.574,2019-01-23 12:22:05.617075,,
2019-01-23 12:21:45.561209,2019-01-23 12:22:07.549,2019-01-23 12:22:05.652171,,
2019-01-23 12:21:45.529515,2019-01-23 12:22:07.437,2019-01-23 12:22:05.617961,,
2019-01-23 12:21:45.538668,2019-01-23 12:22:07.406,2019-01-23 12:22:05.627652,,
2019-01-23 12:21:45.538905,2019-01-23 12:22:07.382,2019-01-23 12:22:05.627933,,
2019-01-23 12:21:45.539616,2019-01-23 12:22:07.355,2019-01-23 12:22:05.628510,,
2019-01-23 12:21:45.519638,2019-01-23 12:22:07.332,2019-01-23 12:22:05.598499,,
2019-01-23 12:21:45.578580,2019-01-23 12:22:07.304,2019-01-23 12:22:05.653298,,
2019-01-23 12:21:45.523354,2019-01-23 12:22:07.847,2019-01-23 12:22:05.602551,,
2019-01-23 12:21:45.560040,2019-01-23 12:22:07.61,2019-01-23 12:22:05.651327,,
2019-01-23 12:21:45.578215,2019-01-23 12:22:07.33,2019-01-23 12:22:05.653004,,
2019-01-23 12:21:45.561960,2019-01-23 12:22:07.02,2019-01-23 12:22:05.652746,,
2019-01-23 12:21:45.559802,2019-01-23 12:22:06.417,2019-01-23 12:22:05.650931,,
2019-01-23 12:21:45.559048,2019-01-23 12:22:06.417,2019-01-23 12:22:05.649656,,
2019-01-23 12:21:45.559305,2019-01-23 12:22:06.319,2019-01-23 12:22:05.650293,,
2019-01-23 12:21:45.523844,2019-01-23 12:22:06.318,2019-01-23 12:22:05.614257,,
2019-01-23 12:21:45.557252,2019-01-23 12:22:06.318,2019-01-23 12:22:05.636931,,
2019-01-23 12:21:45.557656,2019-01-23 12:22:06.317,2019-01-23 12:22:05.637232,,
2019-01-23 12:21:45.537936,2019-01-23 12:22:06.275,2019-01-23 12:22:05.626714,,
2019-01-23 12:21:45.519883,2019-01-23 12:22:06.239,2019-01-23 12:22:05.598777,,
2019-01-23 12:21:45.558226,2019-01-23 12:22:08.647,2019-01-23 12:22:05.638041,,
2019-01-23 12:21:45.530269,2019-01-23 12:22:08.686,2019-01-23 12:22:05.623972,,
2019-01-23 12:21:45.558487,2019-01-23 12:22:08.459,2019-01-23 12:22:05.638368,,
2019-01-23 12:21:45.526987,2019-01-23 12:22:07.765,2019-01-23 12:22:05.615010,,
2019-01-23 12:21:45.529265,2019-01-23 12:22:07.653,2019-01-23 12:22:05.617637,,
2019-01-23 12:21:45.528297,2019-01-23 12:22:08.741,2019-01-23 12:22:05.616558,,
2019-01-23 12:21:45.539861,2019-01-23 12:22:08.714,2019-01-23 12:22:05.628768,,
2019-01-23 12:21:45.558753,2019-01-23 12:22:08.827,2019-01-23 12:22:05.638688,,
2019-01-23 12:21:45.559551,2019-01-23 12:22:08.801,2019-01-23 12:22:05.650610,,
2019-01-23 12:21:45.524086,2019-01-23 12:22:08.858,2019-01-23 12:22:05.614731,,
2019-01-23 12:21:45.561584,2019-01-23 12:22:08.969,2019-01-23 12:22:05.652472,,
2019-01-23 12:21:45.537619,2019-01-23 12:22:09.37,2019-01-23 12:22:05.626305,,
2019-01-23 12:21:45.560750,2019-01-23 12:22:09.95,2019-01-23 12:22:05.651912,,
2019-01-23 12:22:45.856392,2019-01-23 12:23:06.176,2019-01-23 12:23:05.991671,,
2019-01-23 12:22:45.868108,2019-01-23 12:23:06.529,2019-01-23 12:23:06.004235,,
2019-01-23 12:22:45.854836,2019-01-23 12:23:06.925,2019-01-23 12:23:05.986067,,
2019-01-23 12:22:45.864319,2019-01-23 12:23:06.197,2019-01-23 12:23:05.992258,,
2019-01-23 12:22:45.852679,2019-01-23 12:23:06.195,2019-01-23 12:23:05.979867,,
2019-01-23 12:22:45.867319,2019-01-23 12:23:06.191,2019-01-23 12:23:06.002557,,
2019-01-23 12:22:45.865291,2019-01-23 12:23:06.179,2019-01-23 12:23:05.993686,,
2019-01-23 12:22:45.851969,2019-01-23 12:23:06.179,2019-01-23 12:23:05.978442,,
2019-01-23 12:22:45.866814,2019-01-23 12:23:06.326,2019-01-23 12:23:06.001419,,
2019-01-23 12:22:45.853874,2019-01-23 12:23:06.326,2019-01-23 12:23:05.983992,,
2019-01-23 12:22:45.855338,2019-01-23 12:23:06.961,2019-01-23 12:23:05.987179,,
2019-01-23 12:22:45.865777,2019-01-23 12:23:07.32,2019-01-23 12:23:05.994758,,
2019-01-23 12:22:45.851105,2019-01-23 12:23:07.74,2019-01-23 12:23:05.976845,,
2019-01-23 12:22:45.864782,2019-01-23 12:23:06.324,2019-01-23 12:23:05.992735,,
2019-01-23 12:22:45.902424,2019-01-23 12:23:06.323,2019-01-23 12:23:06.069932,,
2019-01-23 12:22:45.888312,2019-01-23 12:23:06.322,2019-01-23 12:23:06.066159,,
2019-01-23 12:22:45.852446,2019-01-23 12:23:06.306,2019-01-23 12:23:05.979377,,
2019-01-23 12:22:45.889785,2019-01-23 12:23:06.304,2019-01-23 12:23:06.068013,,
2019-01-23 12:22:45.865041,2019-01-23 12:23:06.299,2019-01-23 12:23:05.993211,,
2019-01-23 12:22:45.869297,2019-01-23 12:23:06.426,2019-01-23 12:23:06.032179,,
2019-01-23 12:22:45.853153,2019-01-23 12:23:06.425,2019-01-23 12:23:05.980808,,
2019-01-23 12:22:45.903525,2019-01-23 12:23:06.395,2019-01-23 12:23:06.123270,,
2019-01-23 12:22:45.855575,2019-01-23 12:23:06.365,2019-01-23 12:23:05.987697,,
2019-01-23 12:22:45.855831,2019-01-23 12:23:07.134,2019-01-23 12:23:05.988198,,
2019-01-23 12:22:45.904274,2019-01-23 12:23:06.426,2019-01-23 12:23:06.124463,,
2019-01-23 12:22:45.889300,2019-01-23 12:23:06.442,2019-01-23 12:23:06.067689,,
2019-01-23 12:22:45.868459,2019-01-23 12:23:07.237,2019-01-23 12:23:06.004758,,
2019-01-23 12:22:45.890863,2019-01-23 12:23:07.200,2019-01-23 12:23:06.069107,,
2019-01-23 12:22:45.888053,2019-01-23 12:23:07.270,2019-01-23 12:23:06.035173,,
2019-01-23 12:22:45.866313,2019-01-23 12:23:07.369,2019-01-23 12:23:05.995771,,
2019-01-23 12:22:45.865530,2019-01-23 12:23:07.405,2019-01-23 12:23:05.994229,,
2019-01-23 12:22:45.854601,2019-01-23 12:23:07.495,2019-01-23 12:23:05.985596,,
2019-01-23 12:22:45.891190,2019-01-23 12:23:06.732,2019-01-23 12:23:06.069380,,
2019-01-23 12:22:45.903282,2019-01-23 12:23:06.731,2019-01-23 12:23:06.070845,,
2019-01-23 12:22:45.903781,2019-01-23 12:23:06.731,2019-01-23 12:23:06.123644,,
2019-01-23 12:22:45.904525,2019-01-23 12:23:06.730,2019-01-23 12:23:06.124921,,
2019-01-23 12:22:45.891464,2019-01-23 12:23:06.730,2019-01-23 12:23:06.069644,,
2019-01-23 12:22:45.904025,2019-01-23 12:23:06.635,2019-01-23 12:23:06.124000,,
2019-01-23 12:22:45.856135,2019-01-23 12:23:06.634,2019-01-23 12:23:05.988698,,
2019-01-23 12:22:45.905182,2019-01-23 12:23:06.632,2019-01-23 12:23:06.125486,,
2019-01-23 12:22:45.854126,2019-01-23 12:23:06.632,2019-01-23 12:23:05.984609,,
2019-01-23 12:22:45.853396,2019-01-23 12:23:06.631,2019-01-23 12:23:05.981673,,
2019-01-23 12:22:45.851519,2019-01-23 12:23:06.631,2019-01-23 12:23:05.977553,,
2019-01-23 12:22:45.853635,2019-01-23 12:23:06.630,2019-01-23 12:23:05.982168,,
2019-01-23 12:22:45.890068,2019-01-23 12:23:06.630,2019-01-23 12:23:06.068285,,
2019-01-23 12:22:45.890325,2019-01-23 12:23:06.544,2019-01-23 12:23:06.068551,,
2019-01-23 12:22:45.887533,2019-01-23 12:23:06.542,2019-01-23 12:23:06.033970,,
2019-01-23 12:22:45.869005,2019-01-23 12:23:06.542,2019-01-23 12:23:06.031494,,
2019-01-23 12:22:45.851732,2019-01-23 12:23:06.539,2019-01-23 12:23:05.977974,,
2019-01-23 12:22:45.905739,2019-01-23 12:23:06.533,2019-01-23 12:23:06.126186,,
2019-01-23 12:22:45.867557,2019-01-23 12:23:06.529,2019-01-23 12:23:06.003119,,
2019-01-23 12:22:45.888570,2019-01-23 12:23:06.432,2019-01-23 12:23:06.066765,,
2019-01-23 12:22:45.866569,2019-01-23 12:23:06.427,2019-01-23 12:23:06.000573,,
2019-01-23 12:22:45.867080,2019-01-23 12:23:06.430,2019-01-23 12:23:06.002019,,
2019-01-23 12:22:45.855084,2019-01-23 12:23:06.432,2019-01-23 12:23:05.986537,,
2019-01-23 12:22:45.866056,2019-01-23 12:23:06.426,2019-01-23 12:23:05.995249,,
2019-01-23 12:22:45.902791,2019-01-23 12:23:06.429,2019-01-23 12:23:06.070247,,
2019-01-23 12:22:45.903036,2019-01-23 12:23:07.679,2019-01-23 12:23:06.070536,,
2019-01-23 12:22:45.854366,2019-01-23 12:23:07.653,2019-01-23 12:23:05.985111,,
2019-01-23 12:22:45.888816,2019-01-23 12:23:07.620,2019-01-23 12:23:06.067134,,
2019-01-23 12:22:45.904788,2019-01-23 12:23:07.559,2019-01-23 12:23:06.125221,,
2019-01-23 12:22:45.889059,2019-01-23 12:23:07.753,2019-01-23 12:23:06.067410,,
2019-01-23 12:22:45.868726,2019-01-23 12:23:07.855,2019-01-23 12:23:06.005333,,
2019-01-23 12:22:45.887256,2019-01-23 12:23:07.895,2019-01-23 12:23:06.033444,,
2019-01-23 12:22:45.852207,2019-01-23 12:23:07.957,2019-01-23 12:23:05.978918,,
2019-01-23 12:22:45.906019,2019-01-23 12:23:07.996,2019-01-23 12:23:06.126472,,
2019-01-23 12:22:45.852912,2019-01-23 12:23:08.34,2019-01-23 12:23:05.980339,,
2019-01-23 12:22:45.890575,2019-01-23 12:23:08.56,2019-01-23 12:23:06.068811,,
2019-01-23 12:22:45.959058,2019-01-23 12:23:08.114,2019-01-23 12:23:06.180524,,
2019-01-23 12:22:45.906735,2019-01-23 12:23:08.136,2019-01-23 12:23:06.127129,,
2019-01-23 12:22:45.887801,2019-01-23 12:23:08.190,2019-01-23 12:23:06.034626,,
2019-01-23 12:22:45.906345,2019-01-23 12:23:08.389,2019-01-23 12:23:06.126811,,
2019-01-23 12:22:45.886937,2019-01-23 12:23:08.411,2019-01-23 12:23:06.032891,,
2019-01-23 12:22:45.867807,2019-01-23 12:23:08.453,2019-01-23 12:23:06.003680,,
2019-01-23 12:22:45.905474,2019-01-23 12:23:08.510,2019-01-23 12:23:06.125866,,
2019-01-23 12:23:46.381390,2019-01-23 12:24:06.584,2019-01-23 12:24:06.532524,,
2019-01-23 12:23:46.477685,2019-01-23 12:24:07.289,2019-01-23 12:24:06.605598,,
2019-01-23 12:23:46.383195,2019-01-23 12:24:06.684,2019-01-23 12:24:06.534238,,
2019-01-23 12:23:46.378299,2019-01-23 12:24:06.786,2019-01-23 12:24:06.529507,,
2019-01-23 12:23:46.377841,2019-01-23 12:24:06.785,2019-01-23 12:24:06.529065,,
2019-01-23 12:23:46.381900,2019-01-23 12:24:06.785,2019-01-23 12:24:06.533019,,
2019-01-23 12:23:46.393087,2019-01-23 12:24:06.686,2019-01-23 12:24:06.548870,,
2019-01-23 12:23:46.379793,2019-01-23 12:24:06.685,2019-01-23 12:24:06.531018,,
2019-01-23 12:23:46.492727,2019-01-23 12:24:07.389,2019-01-23 12:24:06.668845,,
2019-01-23 12:23:46.491947,2019-01-23 12:24:07.292,2019-01-23 12:24:06.668301,,
2019-01-23 12:23:46.491570,2019-01-23 12:24:07.292,2019-01-23 12:24:06.667881,,
2019-01-23 12:23:46.395876,2019-01-23 12:24:07.483,2019-01-23 12:24:06.578856,,
2019-01-23 12:23:46.389059,2019-01-23 12:24:07.557,2019-01-23 12:24:06.544888,,
2019-01-23 12:23:46.390547,2019-01-23 12:24:07.449,2019-01-23 12:24:06.546490,,
2019-01-23 12:23:46.389806,2019-01-23 12:24:07.407,2019-01-23 12:24:06.545716,,
2019-01-23 12:23:46.479812,2019-01-23 12:24:07.627,2019-01-23 12:24:06.606808,,
2019-01-23 12:23:46.479252,2019-01-23 12:24:07.593,2019-01-23 12:24:06.606448,,
2019-01-23 12:23:46.396544,2019-01-23 12:24:06.986,2019-01-23 12:24:06.579590,,
2019-01-23 12:23:46.391749,2019-01-23 12:24:06.893,2019-01-23 12:24:06.547560,,
2019-01-23 12:23:46.379538,2019-01-23 12:24:06.891,2019-01-23 12:24:06.530732,,
2019-01-23 12:23:46.396957,2019-01-23 12:24:06.889,2019-01-23 12:24:06.579892,,
2019-01-23 12:23:46.390846,2019-01-23 12:24:06.888,2019-01-23 12:24:06.546737,,
2019-01-23 12:23:46.378540,2019-01-23 12:24:06.888,2019-01-23 12:24:06.529732,,
2019-01-23 12:23:46.380793,2019-01-23 12:24:06.886,2019-01-23 12:24:06.532024,,
2019-01-23 12:23:46.378783,2019-01-23 12:24:06.886,2019-01-23 12:24:06.529985,,
2019-01-23 12:23:46.392334,2019-01-23 12:24:06.786,2019-01-23 12:24:06.548085,,
2019-01-23 12:23:46.398070,2019-01-23 12:24:07.524,2019-01-23 12:24:06.580799,,
2019-01-23 12:23:46.395433,2019-01-23 12:24:07.695,2019-01-23 12:24:06.549133,,
2019-01-23 12:23:46.400030,2019-01-23 12:24:07.663,2019-01-23 12:24:06.582245,,
2019-01-23 12:23:46.494318,2019-01-23 12:24:07.860,2019-01-23 12:24:06.669862,,
2019-01-23 12:23:46.380545,2019-01-23 12:24:07.779,2019-01-23 12:24:06.531772,,
2019-01-23 12:23:46.388491,2019-01-23 12:24:07.938,2019-01-23 12:24:06.534506,,
2019-01-23 12:23:46.389564,2019-01-23 12:24:07.191,2019-01-23 12:24:06.545455,,
2019-01-23 12:23:46.493352,2019-01-23 12:24:06.986,2019-01-23 12:24:06.669372,,
2019-01-23 12:23:46.379283,2019-01-23 12:24:06.988,2019-01-23 12:24:06.530474,,
2019-01-23 12:23:46.476571,2019-01-23 12:24:07.89,2019-01-23 12:24:06.583698,,
2019-01-23 12:23:46.399695,2019-01-23 12:24:08.84,2019-01-23 12:24:06.581877,,
2019-01-23 12:23:46.494901,2019-01-23 12:24:06.987,2019-01-23 12:24:06.670356,,
2019-01-23 12:23:46.476141,2019-01-23 12:24:07.89,2019-01-23 12:24:06.582844,,
2019-01-23 12:23:46.388809,2019-01-23 12:24:06.987,2019-01-23 12:24:06.544573,,
2019-01-23 12:23:46.495731,2019-01-23 12:24:06.986,2019-01-23 12:24:06.671151,,
2019-01-23 12:23:46.476963,2019-01-23 12:24:08.704,2019-01-23 12:24:06.604744,,
2019-01-23 12:23:46.382947,2019-01-23 12:24:07.88,2019-01-23 12:24:06.533991,,
2019-01-23 12:23:46.397292,2019-01-23 12:24:06.989,2019-01-23 12:24:06.580274,,
2019-01-23 12:23:46.382156,2019-01-23 12:24:06.989,2019-01-23 12:24:06.533265,,
2019-01-23 12:23:46.382656,2019-01-23 12:24:07.901,2019-01-23 12:24:06.533742,,
2019-01-23 12:23:46.475584,2019-01-23 12:24:07.88,2019-01-23 12:24:06.582533,,
2019-01-23 12:23:46.380300,2019-01-23 12:24:07.188,2019-01-23 12:24:06.531527,,
2019-01-23 12:23:46.398476,2019-01-23 12:24:07.193,2019-01-23 12:24:06.581255,,
2019-01-23 12:23:46.478854,2019-01-23 12:24:07.190,2019-01-23 12:24:06.606172,,
2019-01-23 12:23:46.477976,2019-01-23 12:24:07.188,2019-01-23 12:24:06.605911,,
2019-01-23 12:23:46.391225,2019-01-23 12:24:06.986,2019-01-23 12:24:06.546977,,
2019-01-23 12:23:46.397623,2019-01-23 12:24:08.879,2019-01-23 12:24:06.580534,,
2019-01-23 12:23:46.480167,2019-01-23 12:24:08.849,2019-01-23 12:24:06.607071,,
2019-01-23 12:23:46.391500,2019-01-23 12:24:08.818,2019-01-23 12:24:06.547227,,
2019-01-23 12:23:46.380045,2019-01-23 12:24:08.792,2019-01-23 12:24:06.531279,,
2019-01-23 12:23:46.390300,2019-01-23 12:24:08.741,2019-01-23 12:24:06.546220,,
2019-01-23 12:23:46.382406,2019-01-23 12:24:08.165,2019-01-23 12:24:06.533503,,
2019-01-23 12:23:46.495469,2019-01-23 12:24:08.141,2019-01-23 12:24:06.670645,,
2019-01-23 12:23:46.493045,2019-01-23 12:24:08.112,2019-01-23 12:24:06.669122,,
2019-01-23 12:23:46.389301,2019-01-23 12:24:08.04,2019-01-23 12:24:06.545141,,
2019-01-23 12:23:46.391994,2019-01-23 12:24:06.987,2019-01-23 12:24:06.547813,,
2019-01-23 12:23:46.392589,2019-01-23 12:24:07.88,2019-01-23 12:24:06.548368,,
2019-01-23 12:23:46.381130,2019-01-23 12:24:06.988,2019-01-23 12:24:06.532267,,
2019-01-23 12:23:46.392841,2019-01-23 12:24:09.253,2019-01-23 12:24:06.548621,,
2019-01-23 12:23:46.381655,2019-01-23 12:24:09.138,2019-01-23 12:24:06.532774,,
2019-01-23 12:23:46.477380,2019-01-23 12:24:09.57,2019-01-23 12:24:06.605254,,
2019-01-23 12:23:46.399074,2019-01-23 12:24:09.35,2019-01-23 12:24:06.581581,,
2019-01-23 12:23:46.396220,2019-01-23 12:24:09.335,2019-01-23 12:24:06.579263,,
2019-01-23 12:23:46.492342,2019-01-23 12:24:09.526,2019-01-23 12:24:06.668566,,
2019-01-23 12:23:46.390051,2019-01-23 12:24:09.557,2019-01-23 12:24:06.545962,,
2019-01-23 12:23:46.379034,2019-01-23 12:24:10.09,2019-01-23 12:24:06.530234,,
2019-01-23 12:23:46.490881,2019-01-23 12:24:10.87,2019-01-23 12:24:06.607610,,
2019-01-23 12:23:46.493927,2019-01-23 12:24:10.191,2019-01-23 12:24:06.669621,,
2019-01-23 12:23:46.494612,2019-01-23 12:24:10.239,2019-01-23 12:24:06.670108,,
